,useless,pr_min_color,pr_min,pr_avg,rc_min_color,rc_min,rc_avg,colorspace,degree,regularization
649,0.030982905982905984,Silver,0.7604790419161677,0.9084121933080483,Grey,0.6052631578947368,0.8524916964117606,VBbCrCb,4,0.1
646,0.029914529914529916,Silver,0.7696969696969697,0.9078762138130838,White,0.5952380952380952,0.8475756340540147,VBaCrCb,4,0.1
610,0.028846153846153848,Grey,0.75,0.9041805731077578,White,0.5238095238095238,0.8391331919858694,VGBCrCb,4,0.1
524,0.029914529914529916,Silver,0.7719298245614035,0.9031723153593377,White,0.6190476190476191,0.8474231802647048,SBYCrCb,4,0.1
564,0.027777777777777776,Silver,0.7664670658682635,0.9024588691576194,Grey,0.6052631578947368,0.842922142887674,VRBLCr,4,0.1
413,0.029914529914529916,Silver,0.7687861271676301,0.9023925754085341,White,0.5952380952380952,0.845705270078995,SVYCrCb,4,0.1
378,0.028846153846153848,Grey,0.7741935483870968,0.9019478050195748,White,0.5952380952380952,0.8428794000131921,SVGCrCb,4,0.1
629,0.028846153846153848,Silver,0.7664670658682635,0.9017360377682875,Grey,0.6052631578947368,0.8432388204833318,VGbCrCb,4,0.1
656,0.029914529914529916,Silver,0.7411764705882353,0.9014708830611528,White,0.5714285714285714,0.8417344655780021,VLaCrCb,4,0.1
650,0.028846153846153848,Grey,0.75,0.9012038466340098,White,0.5476190476190477,0.8407165646148467,VBYCrCb,4,0.1
603,0.026709401709401708,Silver,0.7485029940119761,0.9010967843260203,White,0.5952380952380952,0.8361752580138169,VGBaCr,4,0.1
606,0.026709401709401708,Silver,0.7380952380952381,0.9005332965174595,Grey,0.5789473684210527,0.8340965546469934,VGBbCr,4,0.1
311,0.027777777777777776,Silver,0.7413793103448276,0.9003173800694465,Grey,0.6052631578947368,0.8392908779217053,HBbYCr,4,0.1
308,0.026709401709401708,Gold,0.7597765363128491,0.899958085552133,Grey,0.6052631578947368,0.8389945744372491,HBaYCr,4,0.1
779,0.03205128205128205,Silver,0.7411764705882353,0.89987227297407,Grey,0.6052631578947368,0.8497340344675304,BLbCrCb,4,0.1
761,0.029914529914529916,Silver,0.7267441860465116,0.8996019483376299,White,0.5952380952380952,0.8419430240034023,GLaCrCb,4,0.1
560,0.028846153846153848,Grey,0.75,0.8992842859231699,White,0.5476190476190477,0.835846801448393,VRGCrCb,4,0.1
84,0.030982905982905984,Silver,0.7650602409638554,0.8991711264882032,White,0.6190476190476191,0.8478363409228921,HSGCrCb,4,0.1
659,0.03205128205128205,Silver,0.7383720930232558,0.8991205804616151,White,0.5952380952380952,0.8429045958346711,VLbCrCb,4,0.1
754,0.028846153846153848,Gold,0.7613636363636364,0.8990363528413662,Grey,0.5789473684210527,0.8410296002909707,GBbCrCb,4,0.1
591,0.028846153846153848,Silver,0.7664670658682635,0.8990289526500754,White,0.5714285714285714,0.8380994619276477,VRaCrCb,4,0.1
633,0.028846153846153848,Silver,0.7440476190476191,0.8989112619039481,White,0.5952380952380952,0.838601250943147,VBLaCr,4,0.1
741,0.027777777777777776,Silver,0.7309941520467836,0.8987135421155658,Grey,0.5789473684210527,0.8385966179707809,GBLbCr,4,0.1
755,0.028846153846153848,Grey,0.75,0.8986543326926937,White,0.5476190476190477,0.839644342668129,GBYCrCb,4,0.1
764,0.030982905982905984,Silver,0.7231638418079096,0.8984650079726202,White,0.5952380952380952,0.8391855101105518,GLbCrCb,4,0.1
270,0.027777777777777776,Silver,0.7558139534883721,0.8984580804635214,Grey,0.5526315789473685,0.8381205629972643,HGBbCr,4,0.1
232,0.028846153846153848,Silver,0.7309941520467836,0.8984320842927769,Grey,0.6052631578947368,0.8365730521742363,HRBaCr,4,0.1
647,0.027777777777777776,Silver,0.7575757575757576,0.8984186682745937,Grey,0.6052631578947368,0.8369468718207999,VBbYCr,4,0.1
594,0.030982905982905984,Silver,0.774390243902439,0.8983711419133418,Grey,0.6052631578947368,0.8497099394476083,VRbCrCb,4,0.1
568,0.026709401709401708,Gold,0.7611111111111111,0.8982853406534613,Grey,0.5789473684210527,0.8340414946739465,VRBaCr,4,0.1
699,0.028846153846153848,Silver,0.7470588235294118,0.8981078142915672,White,0.5952380952380952,0.8384195775106946,RGbCrCb,4,0.1
636,0.027777777777777776,Silver,0.75,0.8981034728707896,Grey,0.6052631578947368,0.8400004969322687,VBLbCr,4,0.1
785,0.029914529914529916,Silver,0.7455621301775148,0.8980770979475406,Grey,0.6052631578947368,0.8458185001501607,BbYCrCb,4,0.1
665,0.029914529914529916,Silver,0.7559523809523809,0.8980090048760903,Grey,0.6052631578947368,0.8423998842383872,VbYCrCb,4,0.1
556,0.027777777777777776,Silver,0.7514792899408284,0.8978869827646634,White,0.5476190476190477,0.8294715649447437,VRGbCr,4,0.1
362,0.028846153846153848,Grey,0.7272727272727273,0.8978255731588458,White,0.5952380952380952,0.8381020998104767,SVGBCr,4,0.1
749,0.026709401709401708,Silver,0.7396449704142012,0.8977264156742858,White,0.5952380952380952,0.8331492517954859,GBaYCr,4,0.1
195,0.026709401709401708,Silver,0.7325581395348837,0.8977008218174352,Grey,0.5,0.8221972908324904,HVabCr,4,0.1
673,0.026709401709401708,Silver,0.7530120481927711,0.8976162577587817,White,0.5952380952380952,0.8335660350723099,RGBaCr,4,0.1
504,0.028846153846153848,Grey,0.7741935483870968,0.8975635374750291,White,0.5952380952380952,0.8426456415843824,SGYCrCb,4,0.1
776,0.03205128205128205,Silver,0.7368421052631579,0.897517714150604,Grey,0.6052631578947368,0.8453424797005064,BLaCrCb,4,0.1
735,0.028846153846153848,Silver,0.7341040462427746,0.897480769530969,White,0.5714285714285714,0.8353670744581915,RbYCrCb,4,0.1
626,0.028846153846153848,Silver,0.7664670658682635,0.8974577360727983,White,0.5952380952380952,0.8402144605943705,VGaCrCb,4,0.1
790,0.030982905982905984,Silver,0.7257142857142858,0.8972752099453297,White,0.5952380952380952,0.838669247849323,LbYCrCb,4,0.1
657,0.027777777777777776,Silver,0.7454545454545455,0.8972508134805862,Grey,0.5789473684210527,0.8330957485544468,VLbYCr,4,0.1
719,0.030982905982905984,Silver,0.7368421052631579,0.8972034279492317,White,0.5952380952380952,0.8427110075571581,RBbCrCb,4,0.1
484,0.029914529914529916,Grey,0.7272727272727273,0.897106009881052,White,0.5952380952380952,0.8434320507674555,SGBCrCb,4,0.1
179,0.027777777777777776,Silver,0.7470588235294118,0.8969903005996755,Grey,0.5789473684210527,0.8385357646479138,HVBbCr,4,0.1
302,0.027777777777777776,Silver,0.7650602409638554,0.896979888577907,Grey,0.631578947368421,0.843930074796044,HBLYCr,4,0.1
644,0.026709401709401708,Silver,0.7590361445783133,0.8969469828814902,White,0.5952380952380952,0.835162998859179,VBaYCr,4,0.1
714,0.026709401709401708,Gold,0.7528089887640449,0.8969267048840333,White,0.5952380952380952,0.8311985774114987,RBaYCr,4,0.1
664,0.028846153846153848,Silver,0.7604790419161677,0.8968082483597095,White,0.5952380952380952,0.8396981983331417,VaYCrCb,4,0.1
292,0.028846153846153848,Silver,0.7142857142857143,0.8967532661793095,White,0.5714285714285714,0.8274299074734173,HGbYCb,4,0.1
514,0.030982905982905984,Silver,0.7619047619047619,0.8966500030886443,Grey,0.631578947368421,0.848359488609445,SBLCrCb,4,0.1
172,0.028846153846153848,Silver,0.7485380116959064,0.8966355303806272,White,0.6190476190476191,0.8377277313982072,HVBLCr,4,0.1
557,0.026709401709401708,Silver,0.7682926829268293,0.8965256752907481,Grey,0.5789473684210527,0.8322502620664436,VRGbCb,4,0.1
622,0.027777777777777776,Silver,0.7380952380952381,0.8965185671790431,White,0.5714285714285714,0.8291503701151878,VGabCr,4,0.1
590,0.026709401709401708,Gold,0.7597765363128491,0.8965090888235976,White,0.5476190476190477,0.8300013895624756,VRaYCb,4,0.1
752,0.027777777777777776,Silver,0.7251461988304093,0.8964613843034606,White,0.5952380952380952,0.8331659467204404,GBbYCr,4,0.1
638,0.027777777777777776,Silver,0.7559523809523809,0.89644057160867,Grey,0.6052631578947368,0.8418919627835802,VBLYCr,4,0.1
494,0.029914529914529916,Silver,0.7529411764705882,0.8963557183846327,White,0.6190476190476191,0.8446548545905433,SGLCrCb,4,0.1
663,0.030982905982905984,Silver,0.7183908045977011,0.8963351522914377,White,0.5714285714285714,0.8337907128672116,VabCrCb,4,0.1
336,0.028846153846153848,Grey,0.71875,0.8962446634434532,White,0.5714285714285714,0.8365524680753682,SVRGCb,4,0.1
267,0.027777777777777776,Gold,0.7569060773480663,0.8961170783510166,Grey,0.5526315789473685,0.8339701207796947,HGBaCr,4,0.1
608,0.027777777777777776,Silver,0.7664670658682635,0.8960836815121123,White,0.5476190476190477,0.8342317272131388,VGBYCr,4,0.1
13,0.028846153846153848,Silver,0.7660818713450293,0.8960436453692103,White,0.5952380952380952,0.8388061072790871,HSVGCr,4,0.1
544,0.027777777777777776,Grey,0.7419354838709677,0.8958022116012427,White,0.5476190476190477,0.8338157269514503,VRGBCr,4,0.1
199,0.029914529914529916,Silver,0.7298850574712644,0.895781715391759,Grey,0.631578947368421,0.8407689961997892,HVaCrCb,4,0.1
661,0.027777777777777776,Silver,0.7321428571428571,0.8956787554755625,White,0.5714285714285714,0.8276759822328952,VabYCr,4,0.1
738,0.027777777777777776,Silver,0.7352941176470589,0.8956603974808826,White,0.5952380952380952,0.8324852311203123,GBLaCr,4,0.1
726,0.029914529914529916,Silver,0.727810650887574,0.895654326032942,White,0.5714285714285714,0.8357156544369464,RLaCrCb,4,0.1
627,0.028846153846153848,Silver,0.7425149700598802,0.8955039674268649,Grey,0.5789473684210527,0.8335314708741562,VGbYCr,4,0.1
187,0.027777777777777776,Silver,0.7298850574712644,0.895405263481094,Grey,0.5789473684210527,0.8336557765004654,HVLaCb,4,0.1
630,0.028846153846153848,Grey,0.75,0.895263611593057,White,0.5714285714285714,0.8376925449974458,VGYCrCb,4,0.1
687,0.027777777777777776,Silver,0.7337278106508875,0.895163671604095,White,0.5952380952380952,0.8313147513208577,RGLbCb,4,0.1
599,0.027777777777777776,Silver,0.7383720930232558,0.8951611891512883,White,0.5714285714285714,0.8312061421978709,VGBLCr,4,0.1
720,0.028846153846153848,Grey,0.75,0.8951293588968766,White,0.5714285714285714,0.8386717809377514,RBYCrCb,4,0.1
534,0.029914529914529916,Silver,0.7529411764705882,0.8951170249194047,White,0.6190476190476191,0.8432205702962186,SLYCrCb,4,0.1
680,0.028846153846153848,Grey,0.75,0.8950295654586793,White,0.5476190476190477,0.8351279510549633,RGBCrCb,4,0.1
708,0.026709401709401708,Silver,0.7650602409638554,0.8950013355616346,Grey,0.6052631578947368,0.8341815663302768,RBLYCr,4,0.1
469,0.028846153846153848,Grey,0.75,0.8949944314174723,White,0.5952380952380952,0.8425418315806836,SRYCrCb,4,0.1
280,0.027777777777777776,Silver,0.7368421052631579,0.8949487497682809,Grey,0.5263157894736842,0.829406901033612,HGLbCr,4,0.1
418,0.028846153846153848,Grey,0.696969696969697,0.8948913483558878,White,0.5476190476190477,0.8353609432922712,SRGBCr,4,0.1
571,0.027777777777777776,Silver,0.75,0.8948644352400587,Grey,0.6052631578947368,0.8365604770531795,VRBbCr,4,0.1
573,0.028846153846153848,Grey,0.7419354838709677,0.8948422508646712,White,0.5476190476190477,0.8357833074757886,VRBYCr,4,0.1
263,0.027777777777777776,Gold,0.7653631284916201,0.894808578709734,Grey,0.6052631578947368,0.8372395203351147,HGBLCr,4,0.1
689,0.027777777777777776,Silver,0.7225433526011561,0.8947852295611978,White,0.5952380952380952,0.8349032102026702,RGLYCb,4,0.1
678,0.027777777777777776,Grey,0.7419354838709677,0.8947728028177978,White,0.5476190476190477,0.834966642238988,RGBYCr,4,0.1
109,0.030982905982905984,Silver,0.7425149700598802,0.8946446534938052,White,0.5952380952380952,0.8398588531901455,HSLCrCb,4,0.1
768,0.029914529914529916,Silver,0.7225433526011561,0.894639510217437,White,0.5952380952380952,0.8364538783940206,GabCrCb,4,0.1
177,0.027777777777777776,Silver,0.7325581395348837,0.8945965702844336,White,0.5952380952380952,0.8286895152709047,HVBaCb,4,0.1
391,0.028846153846153848,Grey,0.71875,0.8945670763374383,White,0.5952380952380952,0.8359578527448801,SVBYCr,4,0.1
777,0.027777777777777776,Silver,0.7365269461077845,0.8945648957013004,Grey,0.5789473684210527,0.8366155550775903,BLbYCr,4,0.1
642,0.027777777777777776,Silver,0.7349397590361446,0.8945382181064994,White,0.5952380952380952,0.8352253123866473,VBabCr,4,0.1
313,0.030982905982905984,Silver,0.7241379310344828,0.8944234207101751,Grey,0.631578947368421,0.8397025363917,HBbCrCb,4,0.1
197,0.026709401709401708,Silver,0.7619047619047619,0.8943543627286006,Grey,0.5789473684210527,0.8274733524315321,HVaYCr,4,0.1
99,0.030982905982905984,Silver,0.7515151515151515,0.8942708317957637,White,0.6190476190476191,0.8429921637470414,HSBCrCb,4,0.1
640,0.029914529914529916,Grey,0.71875,0.8942602715817122,Grey,0.6052631578947368,0.8410907964763514,VBLCrCb,4,0.1
297,0.027777777777777776,Gold,0.7362637362637363,0.8942292318373448,Grey,0.5526315789473685,0.829904887971442,HBLaCr,4,0.1
304,0.03205128205128205,Silver,0.7398843930635838,0.8941837482891893,Grey,0.631578947368421,0.8426757234012605,HBLCrCb,4,0.1
745,0.028846153846153848,Grey,0.7272727272727273,0.8941822319011585,White,0.5952380952380952,0.8400316495070488,GBLCrCb,4,0.1
669,0.027777777777777776,Silver,0.7559523809523809,0.8941683333434907,White,0.5714285714285714,0.8338261891366645,RGBLCr,4,0.1
774,0.027777777777777776,Silver,0.7294117647058823,0.8941490778282243,White,0.5952380952380952,0.8306299171445626,BLaYCr,4,0.1
176,0.027777777777777776,Silver,0.7470588235294118,0.8940812495268384,Grey,0.47368421052631576,0.8284429837571703,HVBaCr,4,0.1
329,0.030982905982905984,Silver,0.735632183908046,0.8940369258243842,White,0.5952380952380952,0.837790697656917,HbYCrCb,4,0.1
592,0.027777777777777776,Silver,0.7590361445783133,0.8939847927543592,Grey,0.5789473684210527,0.8329979634287464,VRbYCr,4,0.1
328,0.030982905982905984,Silver,0.7411764705882353,0.8939326750509498,Grey,0.631578947368421,0.8439354311696449,HaYCrCb,4,0.1
616,0.028846153846153848,Silver,0.7365269461077845,0.8939268575914622,Grey,0.5789473684210527,0.8328891494073877,VGLbCr,4,0.1
783,0.03311965811965812,Silver,0.7411764705882353,0.8938974044072471,Grey,0.6052631578947368,0.8418959858828188,BabCrCb,4,0.1
341,0.029914529914529916,Grey,0.71875,0.89387264875769,Grey,0.6052631578947368,0.8412307571278819,SVRBCr,4,0.1
696,0.028846153846153848,Silver,0.7439024390243902,0.893820569850444,White,0.5952380952380952,0.8363687701833309,RGaCrCb,4,0.1
448,0.028846153846153848,Grey,0.71875,0.8938042494905027,White,0.5714285714285714,0.8360795836980344,SRBYCb,4,0.1
791,0.030982905982905984,Silver,0.7267441860465116,0.8937423527518118,White,0.5952380952380952,0.8363960285377837,abYCrCb,4,0.1
574,0.026709401709401708,Gold,0.7597765363128491,0.8937365299353244,White,0.5476190476190477,0.8268958294559988,VRBYCb,4,0.1
200,0.027777777777777776,Silver,0.7142857142857143,0.8937360201121511,Grey,0.5526315789473685,0.825256543236693,HVbYCr,4,0.1
747,0.027777777777777776,Silver,0.7261904761904762,0.8936780474866794,Grey,0.5789473684210527,0.8321878496627344,GBabCr,4,0.1
74,0.030982905982905984,Silver,0.7440476190476191,0.8936209328990755,White,0.6190476190476191,0.8445821102855138,HSGLCb,4,0.1
162,0.027777777777777776,Silver,0.7426900584795322,0.893582320586045,White,0.6190476190476191,0.8366460389956898,HVGaCb,4,0.1
434,0.028846153846153848,Grey,0.75,0.8935743770427997,White,0.5714285714285714,0.8402340264238533,SRGCrCb,4,0.1
770,0.027777777777777776,Silver,0.7241379310344828,0.8935321595551933,Grey,0.5789473684210527,0.8323538665764443,GbYCrCb,4,0.1
108,0.030982905982905984,Grey,0.75,0.8935255690656274,White,0.6190476190476191,0.8429636803119392,HSLYCb,4,0.1
289,0.027777777777777776,Silver,0.711864406779661,0.8934557239244695,Grey,0.6052631578947368,0.8319919189168273,HGaYCb,4,0.1
321,0.027777777777777776,Silver,0.7309941520467836,0.8934437329666494,Grey,0.5263157894736842,0.8275896409196613,HLbYCr,4,0.1
291,0.027777777777777776,Silver,0.7175141242937854,0.8934178565772106,Grey,0.5789473684210527,0.8289880512069856,HGbYCr,4,0.1
734,0.028846153846153848,Silver,0.7439024390243902,0.8933759277873049,White,0.5952380952380952,0.8358382662045512,RaYCrCb,4,0.1
772,0.027777777777777776,Silver,0.7218934911242604,0.8933324866096258,White,0.5952380952380952,0.8329714463716282,BLabCr,4,0.1
684,0.027777777777777776,Silver,0.7151162790697675,0.8932543735379729,White,0.5714285714285714,0.8278717505204707,RGLaCb,4,0.1
477,0.028846153846153848,Grey,0.71875,0.8931468183091736,White,0.5714285714285714,0.8351186062118365,SGBaCr,4,0.1
412,0.030982905982905984,Grey,0.7419354838709677,0.8930654623545392,Grey,0.6052631578947368,0.843222700055695,SVbCrCb,4,0.1
62,0.030982905982905984,Grey,0.75,0.8930503229926672,Grey,0.631578947368421,0.8509538171021594,HSRYCb,4,0.1
286,0.027777777777777776,Silver,0.7251461988304093,0.8930450837500051,Grey,0.5526315789473685,0.8276688389403429,HGabCr,4,0.1
781,0.027777777777777776,Silver,0.727810650887574,0.8930410616865323,Grey,0.5789473684210527,0.8307545595989414,BabYCr,4,0.1
503,0.030982905982905984,Grey,0.7419354838709677,0.8929606617812351,Grey,0.6052631578947368,0.8429699307735077,SGbCrCb,4,0.1
356,0.028846153846153848,Grey,0.71875,0.8929317558052836,White,0.5952380952380952,0.8353581749039359,SVRYCb,4,0.1
458,0.029914529914529916,Grey,0.7419354838709677,0.8928973447259414,White,0.5952380952380952,0.839150242778288,SRLYCb,4,0.1
595,0.028846153846153848,Grey,0.75,0.892873477986242,White,0.5952380952380952,0.8378731439002673,VRYCrCb,4,0.1
322,0.027777777777777776,Silver,0.7045454545454546,0.8928729598603031,White,0.5714285714285714,0.8223683454717096,HLbYCb,4,0.1
432,0.028846153846153848,Grey,0.71875,0.8928713110056328,Grey,0.6052631578947368,0.8394337142114322,SRGYCr,4,0.1
281,0.027777777777777776,Silver,0.7225433526011561,0.8928242544514452,Grey,0.5789473684210527,0.8222544135543568,HGLbCb,4,0.1
246,0.028846153846153848,Silver,0.7142857142857143,0.8928109279711198,White,0.5714285714285714,0.8269143257553094,HRLbCb,4,0.1
237,0.027777777777777776,Grey,0.7272727272727273,0.8928038740329819,Grey,0.631578947368421,0.838540501364203,HRBYCr,4,0.1
278,0.026709401709401708,Silver,0.7094972067039106,0.8927545564806405,Grey,0.5789473684210527,0.8286511570005733,HGLaCb,4,0.1
424,0.028846153846153848,Grey,0.71875,0.8927343306557571,White,0.5714285714285714,0.8352178752085749,SRGLCb,4,0.1
97,0.030982905982905984,Grey,0.75,0.8927290108147248,White,0.5952380952380952,0.8426152103499539,HSBYCr,4,0.1
717,0.027777777777777776,Silver,0.7283236994219653,0.8927287723789633,White,0.5714285714285714,0.8284914825138378,RBbYCr,4,0.1
512,0.029914529914529916,Grey,0.71875,0.8926101356746181,Grey,0.6052631578947368,0.8416287361396825,SBLYCr,4,0.1
482,0.028846153846153848,Grey,0.71875,0.8925985827163916,White,0.5952380952380952,0.834677460531538,SGBYCr,4,0.1
198,0.027777777777777776,Silver,0.7383720930232558,0.8925833627683526,White,0.5952380952380952,0.8343135096233123,HVaYCb,4,0.1
284,0.028846153846153848,Grey,0.7272727272727273,0.8925366970764704,Grey,0.631578947368421,0.83675550993939,HGLCrCb,4,0.1
274,0.028846153846153848,Grey,0.75,0.8925147521820858,White,0.5714285714285714,0.8370343367114867,HGBCrCb,4,0.1
173,0.027777777777777776,Silver,0.7383720930232558,0.8924848965188426,White,0.5476190476190477,0.8245802362972694,HVBLCb,4,0.1
645,0.02564102564102564,Gold,0.7569060773480663,0.8924502848684532,White,0.5476190476190477,0.8237359579570618,VBaYCb,4,0.1
729,0.03205128205128205,Silver,0.7241379310344828,0.8924450121059593,White,0.5714285714285714,0.8354059161586297,RLbCrCb,4,0.1
228,0.028846153846153848,Silver,0.7257142857142858,0.8924302967437356,Grey,0.6052631578947368,0.8328854748923612,HRBLCr,4,0.1
660,0.028846153846153848,Grey,0.71875,0.8924189954270734,Grey,0.6052631578947368,0.8377133774481261,VLYCrCb,4,0.1
581,0.027777777777777776,Silver,0.7411764705882353,0.8923575342144006,Grey,0.6052631578947368,0.8330728304301341,VRLbCr,4,0.1
357,0.029914529914529916,Grey,0.75,0.8923150473445152,White,0.5952380952380952,0.8389161284820141,SVRCrCb,4,0.1
393,0.029914529914529916,Grey,0.75,0.8922720751243803,Grey,0.631578947368421,0.8394072453246326,SVBCrCb,4,0.1
789,0.029914529914529916,Silver,0.7235294117647059,0.892256987373166,White,0.5952380952380952,0.8344552660797837,LaYCrCb,4,0.1
116,0.030982905982905984,Silver,0.7455621301775148,0.8922554014484864,White,0.6190476190476191,0.8391048151682244,HSbYCr,4,0.1
107,0.030982905982905984,Silver,0.7368421052631579,0.892232955387198,White,0.5714285714285714,0.8387983158336976,HSLYCr,4,0.1
403,0.030982905982905984,Grey,0.7666666666666667,0.8922048431834464,Grey,0.6052631578947368,0.8432365226961078,SVLCrCb,4,0.1
320,0.030982905982905984,Silver,0.7126436781609196,0.8922047232184332,White,0.6190476190476191,0.8373035702886447,HLaCrCb,4,0.1
24,0.030982905982905984,Grey,0.75,0.8921211455304766,White,0.6190476190476191,0.8421592511523651,HSVLCr,4,0.1
473,0.028846153846153848,Grey,0.71875,0.8921143965889724,Grey,0.6052631578947368,0.8369107209071771,SGBLCr,4,0.1
780,0.029914529914529916,Grey,0.71875,0.8920837201579332,Grey,0.6052631578947368,0.8454694440279167,BLYCrCb,4,0.1
168,0.029914529914529916,Grey,0.75,0.8920309913160905,White,0.5714285714285714,0.8338924969010141,HVGCrCb,4,0.1
676,0.02564102564102564,Silver,0.7469879518072289,0.8920055141642655,Grey,0.5789473684210527,0.8293864659672754,RGBbCr,4,0.1
202,0.030982905982905984,Silver,0.7094972067039106,0.892002086469735,White,0.6190476190476191,0.8347845962220634,HVbCrCb,4,0.1
35,0.029914529914529916,Silver,0.7590361445783133,0.8919854309142062,White,0.6190476190476191,0.8401920108995875,HSVCrCb,4,0.1
652,0.027777777777777776,Silver,0.7365269461077845,0.8919769916040177,White,0.5476190476190477,0.8238004953353373,VLabCr,4,0.1
181,0.027777777777777776,Grey,0.7272727272727273,0.8919688033035862,White,0.5714285714285714,0.8316310660996229,HVBYCr,4,0.1
161,0.027777777777777776,Silver,0.7514792899408284,0.8919279138854967,White,0.5476190476190477,0.8233269438198096,HVGaCr,4,0.1
256,0.027777777777777776,Silver,0.7231638418079096,0.8918945576699977,Grey,0.5526315789473685,0.827595075946557,HRbYCr,4,0.1
78,0.030982905982905984,Silver,0.7368421052631579,0.8918785144891781,Grey,0.6052631578947368,0.8409648445206727,HSGaCb,4,0.1
235,0.026709401709401708,Silver,0.7267441860465116,0.8918489522543396,Grey,0.6052631578947368,0.8306087815130803,HRBbCr,4,0.1
236,0.027777777777777776,Silver,0.7183908045977011,0.8917416501093756,White,0.5952380952380952,0.8296722979876385,HRBbCb,4,0.1
314,0.028846153846153848,Grey,0.75,0.8917370144573378,White,0.5952380952380952,0.8375593888397369,HBYCrCb,4,0.1
716,0.030982905982905984,Silver,0.7425149700598802,0.8917110908850041,White,0.5952380952380952,0.8411258322804371,RBaCrCb,4,0.1
14,0.028846153846153848,Grey,0.75,0.8917023195222933,White,0.6190476190476191,0.8388064475506476,HSVGCb,4,0.1
220,0.027777777777777776,Silver,0.7325581395348837,0.8916997735573019,Grey,0.6052631578947368,0.8320748129930473,HRGbCr,4,0.1
554,0.026709401709401708,Gold,0.7570621468926554,0.8915941502834023,White,0.5714285714285714,0.8301613828259171,VRGaCb,4,0.1
363,0.028846153846153848,Grey,0.696969696969697,0.8915651282906188,White,0.5952380952380952,0.8371643019602312,SVGBCb,4,0.1
316,0.027777777777777776,Silver,0.72,0.8915611504582903,White,0.5714285714285714,0.8274883244125151,HLabCr,4,0.1
703,0.027777777777777776,Silver,0.7251461988304093,0.8915300335182624,White,0.5952380952380952,0.8283630617548521,RBLaCr,4,0.1
158,0.027777777777777776,Silver,0.7262569832402235,0.8915044463256678,White,0.5714285714285714,0.8278527763367963,HVGLCb,4,0.1
309,0.027777777777777776,Silver,0.7440476190476191,0.8914696511412411,Grey,0.6052631578947368,0.829214567399155,HBaYCb,4,0.1
690,0.028846153846153848,Grey,0.71875,0.891290271431237,White,0.5952380952380952,0.8379123366446658,RGLCrCb,4,0.1
585,0.029914529914529916,Grey,0.71875,0.8912265460111789,Grey,0.6052631578947368,0.8426576853957711,VRLCrCb,4,0.1
538,0.029914529914529916,Silver,0.757396449704142,0.8912153468331414,Grey,0.6052631578947368,0.8399555840091609,SaYCrCb,4,0.1
201,0.027777777777777776,Silver,0.7257142857142858,0.8911622078549714,White,0.5714285714285714,0.8266890359171769,HVbYCb,4,0.1
376,0.028846153846153848,Grey,0.696969696969697,0.8911297410400418,White,0.5714285714285714,0.8337411603639561,SVGYCr,4,0.1
468,0.030982905982905984,Silver,0.75,0.8910562370040475,Grey,0.6052631578947368,0.8415993684908176,SRbCrCb,4,0.1
419,0.028846153846153848,Grey,0.71875,0.891036738140633,White,0.5476190476190477,0.8335097478926887,SRGBCb,4,0.1
293,0.029914529914529916,Silver,0.7383720930232558,0.89098420121776,White,0.5952380952380952,0.8355007834204233,HGbCrCb,4,0.1
25,0.030982905982905984,Silver,0.7314285714285714,0.8909645944161366,White,0.5952380952380952,0.8381114950564721,HSVLCb,4,0.1
89,0.030982905982905984,Silver,0.7396449704142012,0.8909586030908871,White,0.5714285714285714,0.8364868314449624,HSBLCb,4,0.1
73,0.030982905982905984,Silver,0.7325581395348837,0.8909385003277962,White,0.5476190476190477,0.8369668140021957,HSGLCr,4,0.1
193,0.03205128205128205,Grey,0.7272727272727273,0.8909238627029896,Grey,0.631578947368421,0.8423432677754512,HVLCrCb,4,0.1
565,0.028846153846153848,Grey,0.7666666666666667,0.8909180529320684,Grey,0.6052631578947368,0.8360206341758811,VRBLCb,4,0.1
209,0.027777777777777776,Grey,0.75,0.8909161094834441,White,0.5714285714285714,0.8285408494568813,HRGBCb,4,0.1
439,0.03311965811965812,Grey,0.7419354838709677,0.8908849629466915,Grey,0.6052631578947368,0.8469810641269363,SRBLCb,4,0.1
303,0.027777777777777776,Silver,0.7241379310344828,0.89088204975515,White,0.5238095238095238,0.8194869559113082,HBLYCb,4,0.1
593,0.026709401709401708,Gold,0.7555555555555555,0.8908476361930399,Grey,0.5789473684210527,0.8318390609240431,VRbYCb,4,0.1
290,0.029914529914529916,Silver,0.7383720930232558,0.8907640423327339,Grey,0.631578947368421,0.8395664576988635,HGaCrCb,4,0.1
686,0.027777777777777776,Silver,0.7294117647058823,0.8907338135734163,Grey,0.6052631578947368,0.8288290319511302,RGLbCr,4,0.1
255,0.029914529914529916,Silver,0.7368421052631579,0.8906962682179574,Grey,0.631578947368421,0.8388085389459785,HRaCrCb,4,0.1
447,0.028846153846153848,Grey,0.71875,0.890693100212838,White,0.5714285714285714,0.8355154847051833,SRBYCr,4,0.1
698,0.026709401709401708,Gold,0.7348066298342542,0.89068831998783,Grey,0.5789473684210527,0.8276110461968891,RGbYCb,4,0.1
449,0.029914529914529916,Silver,0.7398843930635838,0.8906776499846469,White,0.6190476190476191,0.8378845969623586,SRBCrCb,4,0.1
539,0.030982905982905984,Grey,0.7419354838709677,0.890611863952635,Grey,0.6052631578947368,0.842950237205427,SbYCrCb,4,0.1
287,0.027777777777777776,Silver,0.72,0.8905645344448836,Grey,0.5526315789473685,0.8242606386897916,HGabCb,4,0.1
575,0.029914529914529916,Grey,0.7272727272727273,0.8905547494948167,White,0.6190476190476191,0.8408527735915771,VRBCrCb,4,0.1
203,0.028846153846153848,Silver,0.7457627118644068,0.8905218716805141,White,0.5952380952380952,0.8357239987325159,HVYCrCb,4,0.1
306,0.027777777777777776,Silver,0.7440476190476191,0.8904946186728171,Grey,0.5,0.8274068643778018,HBabCr,4,0.1
208,0.027777777777777776,Grey,0.7272727272727273,0.8904093689625099,Grey,0.631578947368421,0.8373994967749225,HRGBCr,4,0.1
409,0.029914529914529916,Silver,0.7413793103448276,0.8903960159128472,White,0.5952380952380952,0.836060597935285,SVaCrCb,4,0.1
310,0.03311965811965812,Silver,0.7383720930232558,0.8903734803613522,Grey,0.631578947368421,0.8403184888527301,HBaCrCb,4,0.1
31,0.03205128205128205,Silver,0.7267441860465116,0.8903401010707162,White,0.5952380952380952,0.8355385030618958,HSVbCr,4,0.1
709,0.026709401709401708,Gold,0.7611111111111111,0.8903063288074236,White,0.5952380952380952,0.8304090908253785,RBLYCb,4,0.1
751,0.028846153846153848,Silver,0.7607361963190185,0.8903058044335576,White,0.5952380952380952,0.8361834856214815,GBaCrCb,4,0.1
634,0.027777777777777776,Gold,0.7444444444444445,0.8902516931039711,White,0.5476190476190477,0.826173340738809,VBLaCb,4,0.1
500,0.029914529914529916,Silver,0.7485380116959064,0.8902422774276322,White,0.5714285714285714,0.8376230546367834,SGaCrCb,4,0.1
81,0.029914529914529916,Grey,0.71875,0.8902256195908861,White,0.5476190476190477,0.8331055397369218,HSGbCb,4,0.1
433,0.028846153846153848,Grey,0.71875,0.8902217840788199,White,0.5952380952380952,0.8357135330581538,SRGYCb,4,0.1
114,0.030982905982905984,Silver,0.7383720930232558,0.8901985896195713,Grey,0.6052631578947368,0.8397492951502008,HSaYCb,4,0.1
190,0.028846153846153848,Silver,0.7183908045977011,0.8901854287630255,White,0.5714285714285714,0.8217981440686694,HVLbCb,4,0.1
144,0.028846153846153848,Silver,0.7305389221556886,0.8901826376245412,White,0.5952380952380952,0.8256166659190796,HVRbCb,4,0.1
769,0.028846153846153848,Silver,0.7393939393939394,0.8900797805826808,White,0.5952380952380952,0.8339084074476101,GaYCrCb,4,0.1
63,0.029914529914529916,Grey,0.7666666666666667,0.8900638388869541,Grey,0.6052631578947368,0.8407433473290473,HSRCrCb,4,0.1
83,0.030982905982905984,Grey,0.7272727272727273,0.8900617366296201,White,0.6190476190476191,0.8438168582744349,HSGYCb,4,0.1
704,0.027777777777777776,Silver,0.7365269461077845,0.8900599546884637,White,0.5952380952380952,0.8287394636649826,RBLaCb,4,0.1
604,0.02564102564102564,Gold,0.7458563535911602,0.8900091421826712,Grey,0.5263157894736842,0.8210925218613615,VGBaCb,4,0.1
143,0.028846153846153848,Silver,0.7325581395348837,0.8899813266472647,White,0.5952380952380952,0.8272835841277881,HVRbCr,4,0.1
52,0.030982905982905984,Silver,0.7398843930635838,0.8899800182761873,White,0.5714285714285714,0.8363473135370069,HSRLCr,4,0.1
259,0.028846153846153848,Grey,0.75,0.8899428963866332,White,0.6190476190476191,0.8380518377289877,HRYCrCb,4,0.1
224,0.028846153846153848,Grey,0.75,0.8899245415601518,White,0.6190476190476191,0.8385823417077675,HRGCrCb,4,0.1
342,0.029914529914529916,Grey,0.71875,0.8899040509016038,Grey,0.6052631578947368,0.8368631447889997,SVRBCb,4,0.1
715,0.02564102564102564,Gold,0.7388888888888889,0.889861663833995,White,0.5952380952380952,0.8273257298902906,RBaYCb,4,0.1
239,0.029914529914529916,Grey,0.7272727272727273,0.8897604587485298,White,0.6190476190476191,0.8390710101664864,HRBCrCb,4,0.1
784,0.030982905982905984,Silver,0.7544910179640718,0.8897568747326646,White,0.5952380952380952,0.8374525776476158,BaYCrCb,4,0.1
312,0.027777777777777776,Silver,0.7167630057803468,0.8897435323065809,White,0.5714285714285714,0.8228038124901784,HBbYCb,4,0.1
119,0.030982905982905984,Grey,0.75,0.8897208707787831,White,0.6190476190476191,0.8434941842907191,HSYCrCb,4,0.1
697,0.027777777777777776,Silver,0.7337278106508875,0.8897015586950291,Grey,0.6052631578947368,0.8288247021595664,RGbYCr,4,0.1
326,0.028846153846153848,Silver,0.7134831460674157,0.889695996433496,Grey,0.5789473684210527,0.8281821869334387,HabYCb,4,0.1
113,0.03205128205128205,Grey,0.7419354838709677,0.889689618184583,Grey,0.6052631578947368,0.8403189762774754,HSaYCr,4,0.1
6,0.030982905982905984,Grey,0.7272727272727273,0.8896871466268933,White,0.6190476190476191,0.8381733635179791,HSVRCr,4,0.1
136,0.027777777777777776,Silver,0.7396449704142012,0.8896300151884209,White,0.5476190476190477,0.8241879978835855,HVRLCr,4,0.1
492,0.029914529914529916,Grey,0.696969696969697,0.8896282042427864,White,0.5952380952380952,0.8324006741764456,SGLYCr,4,0.1
695,0.026709401709401708,Silver,0.7209302325581395,0.8896029553141129,White,0.5714285714285714,0.8275817641507478,RGaYCb,4,0.1
221,0.027777777777777776,Silver,0.7309941520467836,0.8895780401343517,Grey,0.6052631578947368,0.8297522946193593,HRGbCb,4,0.1
438,0.029914529914529916,Grey,0.71875,0.8895500327855722,Grey,0.6052631578947368,0.839475472395764,SRBLCr,4,0.1
272,0.026709401709401708,Grey,0.7272727272727273,0.8895392126610715,Grey,0.631578947368421,0.8369116091597568,HGBYCr,4,0.1
498,0.028846153846153848,Grey,0.696969696969697,0.8895316148060406,Grey,0.6052631578947368,0.8350198280833344,SGaYCr,4,0.1
762,0.027777777777777776,Silver,0.7209302325581395,0.8895277865575147,Grey,0.6052631578947368,0.8309637241859337,GLbYCr,4,0.1
34,0.030982905982905984,Grey,0.7058823529411765,0.8894696371334643,White,0.5714285714285714,0.8401732079079515,HSVYCb,4,0.1
725,0.027777777777777776,Silver,0.7176470588235294,0.8894253302363299,White,0.5714285714285714,0.826640967657376,RLaYCb,4,0.1
325,0.027777777777777776,Silver,0.7305389221556886,0.8893940163665202,Grey,0.5526315789473685,0.828344312677608,HabYCr,4,0.1
300,0.029914529914529916,Silver,0.7298850574712644,0.8893843122405275,Grey,0.5526315789473685,0.8282672107691351,HBLbCr,4,0.1
180,0.027777777777777776,Silver,0.7183908045977011,0.8893785090632341,White,0.5476190476190477,0.8205902456826197,HVBbCb,4,0.1
710,0.030982905982905984,Grey,0.71875,0.8892822370415602,Grey,0.6052631578947368,0.8457982191940914,RBLCrCb,4,0.1
727,0.027777777777777776,Silver,0.7337278106508875,0.88923869738282,Grey,0.5789473684210527,0.827726881062418,RLbYCr,4,0.1
459,0.030982905982905984,Silver,0.7619047619047619,0.889207472682011,Grey,0.6052631578947368,0.8409490616670176,SRLCrCb,4,0.1
374,0.029914529914529916,Grey,0.71875,0.8891687800745444,Grey,0.6052631578947368,0.8400193060207959,SVGbCr,4,0.1
53,0.030982905982905984,Grey,0.75,0.889148283169185,White,0.6190476190476191,0.84019991595752,HSRLCb,4,0.1
245,0.028846153846153848,Silver,0.7267441860465116,0.8891011907971146,Grey,0.5526315789473685,0.8274357332427746,HRLbCr,4,0.1
786,0.027777777777777776,Silver,0.7235294117647059,0.8889621616113311,White,0.5952380952380952,0.8268126014252432,LabYCr,4,0.1
559,0.027777777777777776,Grey,0.7419354838709677,0.8889060645012896,White,0.5714285714285714,0.8320678988119916,VRGYCb,4,0.1
268,0.027777777777777776,Silver,0.7325581395348837,0.888894204394084,White,0.5952380952380952,0.8254979348824389,HGBaCb,4,0.1
730,0.029914529914529916,Grey,0.71875,0.8888673997602748,Grey,0.6052631578947368,0.8411587682462422,RLYCrCb,4,0.1
64,0.028846153846153848,Grey,0.7096774193548387,0.888861672215139,Grey,0.5789473684210527,0.8327600055379241,HSGBL,4,0.1
377,0.028846153846153848,Grey,0.71875,0.8888434405749488,White,0.5952380952380952,0.8353975620400972,SVGYCb,4,0.1
257,0.027777777777777776,Silver,0.7183908045977011,0.888818155521165,Grey,0.6052631578947368,0.8309648462448993,HRbYCb,4,0.1
243,0.027777777777777776,Silver,0.7102272727272727,0.8887548595422893,Grey,0.5526315789473685,0.8279294344748851,HRLaCb,4,0.1
757,0.027777777777777776,Silver,0.7192982456140351,0.8887148929803106,Grey,0.5789473684210527,0.8256066405328321,GLabCr,4,0.1
238,0.027777777777777776,Grey,0.7272727272727273,0.8887102185701136,White,0.5714285714285714,0.8274279880311426,HRBYCb,4,0.1
80,0.030982905982905984,Silver,0.7409638554216867,0.8886974218188407,White,0.6190476190476191,0.8389805298090397,HSGbCr,4,0.1
183,0.030982905982905984,Silver,0.7455621301775148,0.8886615192977606,White,0.6190476190476191,0.8407436407935125,HVBCrCb,4,0.1
614,0.027777777777777776,Gold,0.7486033519553073,0.8886459489862386,Grey,0.5526315789473685,0.8260397152533756,VGLaCb,4,0.1
189,0.028846153846153848,Silver,0.7257142857142858,0.8886447712341716,Grey,0.5789473684210527,0.8235538487761203,HVLbCr,4,0.1
117,0.030982905982905984,Grey,0.696969696969697,0.8885814383538718,White,0.5476190476190477,0.8346910552852034,HSbYCb,4,0.1
700,0.028846153846153848,Grey,0.7419354838709677,0.8884854389291189,White,0.5714285714285714,0.8339275710692455,RGYCrCb,4,0.1
131,0.028846153846153848,Grey,0.7272727272727273,0.8884642463761299,White,0.6190476190476191,0.8366511496764643,HVRBCr,4,0.1
28,0.03205128205128205,Grey,0.7419354838709677,0.8884600276352483,Grey,0.6052631578947368,0.8376734736319729,HSVaCr,4,0.1
56,0.03205128205128205,Grey,0.7419354838709677,0.8883503391763822,Grey,0.6052631578947368,0.8386057361548901,HSRaCr,4,0.1
32,0.030982905982905984,Silver,0.7298850574712644,0.8883393751755804,White,0.5952380952380952,0.8312667094707298,HSVbCb,4,0.1
569,0.02564102564102564,Gold,0.7527472527472527,0.888306419157342,White,0.5476190476190477,0.824519894937516,VRBaCb,4,0.1
496,0.028846153846153848,Grey,0.696969696969697,0.8882980034791704,Grey,0.6052631578947368,0.8346519533008555,SGabCr,4,0.1
423,0.028846153846153848,Grey,0.696969696969697,0.8882749939387795,White,0.5952380952380952,0.8251255006860087,SRGLCr,4,0.1
77,0.03205128205128205,Grey,0.7272727272727273,0.8882408171156749,White,0.6190476190476191,0.8417327671649506,HSGaCr,4,0.1
483,0.028846153846153848,Grey,0.71875,0.8882069896369719,White,0.5952380952380952,0.8317876381993092,SGBYCb,4,0.1
319,0.027777777777777776,Silver,0.7150837988826816,0.8881603735598494,Grey,0.5789473684210527,0.8285187623631453,HLaYCb,4,0.1
153,0.027777777777777776,Silver,0.7426900584795322,0.8881133828546852,White,0.5476190476190477,0.8262069868101415,HVGBCb,4,0.1
252,0.028846153846153848,Silver,0.7159090909090909,0.8880940589971349,Grey,0.5526315789473685,0.8262718273528156,HRabCb,4,0.1
501,0.028846153846153848,Grey,0.71875,0.8880570551687591,Grey,0.6052631578947368,0.8363747650778678,SGbYCr,4,0.1
164,0.028846153846153848,Silver,0.7206703910614525,0.8880083315756628,Grey,0.5263157894736842,0.8241780014539906,HVGbCr,4,0.1
670,0.026709401709401708,Silver,0.7514792899408284,0.8880012109151589,White,0.5714285714285714,0.8259487534157915,RGBLCb,4,0.1
69,0.030982905982905984,Grey,0.7272727272727273,0.8879643812196643,White,0.5952380952380952,0.8370619644227667,HSGBCb,4,0.1
218,0.027777777777777776,Silver,0.7167630057803468,0.8879578250134931,Grey,0.6052631578947368,0.8319038129612057,HRGaCb,4,0.1
141,0.027777777777777776,Silver,0.7215909090909091,0.887906872330258,Grey,0.6052631578947368,0.8312393432254321,HVRaCb,4,0.1
480,0.027777777777777776,Grey,0.71875,0.8878459660750576,Grey,0.6052631578947368,0.8343790413899878,SGBbCr,4,0.1
550,0.027777777777777776,Silver,0.7530120481927711,0.8878436211833163,White,0.5952380952380952,0.8300695976840482,VRGLCb,4,0.1
254,0.027777777777777776,Silver,0.7267441860465116,0.887827540795432,Grey,0.6052631578947368,0.8324003816543537,HRaYCb,4,0.1
294,0.028846153846153848,Grey,0.75,0.8877004111473009,White,0.6190476190476191,0.8390499854499684,HGYCrCb,4,0.1
165,0.027777777777777776,Silver,0.7231638418079096,0.8875821469064287,White,0.5714285714285714,0.8232418697335272,HVGbCb,4,0.1
61,0.029914529914529916,Grey,0.75,0.8875710825788972,White,0.6190476190476191,0.8392336908867607,HSRYCr,4,0.1
29,0.030982905982905984,Silver,0.7325581395348837,0.8875554696918415,Grey,0.6052631578947368,0.834245008013602,HSVaCb,4,0.1
706,0.027777777777777776,Silver,0.7267441860465116,0.8875231960957944,Grey,0.5789473684210527,0.8290486945421862,RBLbCr,4,0.1
33,0.030982905982905984,Grey,0.7272727272727273,0.8875206045130274,White,0.5714285714285714,0.839731490427914,HSVYCr,4,0.1
579,0.026709401709401708,Silver,0.7409638554216867,0.8874695314648134,White,0.5714285714285714,0.8259787147773235,VRLaCb,4,0.1
264,0.028846153846153848,Silver,0.7426900584795322,0.8874656994577099,White,0.5952380952380952,0.8237603311286485,HGBLCb,4,0.1
766,0.027777777777777776,Silver,0.7218934911242604,0.8874206818324052,White,0.5952380952380952,0.8256858385535139,GabYCr,4,0.1
223,0.027777777777777776,Grey,0.75,0.8874168927853242,Grey,0.631578947368421,0.8377719913242825,HRGYCb,4,0.1
68,0.030982905982905984,Grey,0.7272727272727273,0.8873469861372555,White,0.5952380952380952,0.8388931259827082,HSGBCr,4,0.1
335,0.028846153846153848,Grey,0.696969696969697,0.8872416948377665,White,0.5714285714285714,0.8278750233228767,SVRGCr,4,0.1
59,0.03205128205128205,Silver,0.7283236994219653,0.8872384782236054,White,0.5952380952380952,0.8332318367876648,HSRbCr,4,0.1
82,0.029914529914529916,Grey,0.7272727272727273,0.8871928950198408,White,0.5714285714285714,0.8341415157361314,HSGYCr,4,0.1
324,0.030982905982905984,Silver,0.7267441860465116,0.8871838527120965,Grey,0.631578947368421,0.8384760833201692,HLYCrCb,4,0.1
490,0.028846153846153848,Grey,0.71875,0.8871710188723152,Grey,0.6052631578947368,0.8339973954910693,SGLbCr,4,0.1
520,0.030982905982905984,Grey,0.7419354838709677,0.8871619849741178,Grey,0.6052631578947368,0.837677905849894,SBaCrCb,4,0.1
427,0.028846153846153848,Grey,0.696969696969697,0.8871551684973421,White,0.5952380952380952,0.8323015532752656,SRGaCr,4,0.1
677,0.026709401709401708,Gold,0.7362637362637363,0.8871412990691228,Grey,0.5789473684210527,0.8248615235600213,RGBbCb,4,0.1
408,0.028846153846153848,Grey,0.696969696969697,0.8871288961570261,White,0.5952380952380952,0.8305781912390262,SVaYCb,4,0.1
126,0.027777777777777776,Grey,0.7058823529411765,0.8871230629342294,White,0.6190476190476191,0.8337222513943677,HVRGCb,4,0.1
157,0.027777777777777776,Silver,0.7426900584795322,0.8870647358424508,White,0.5714285714285714,0.8199672291660978,HVGLCr,4,0.1
707,0.027777777777777776,Silver,0.7409638554216867,0.8870261847341545,Grey,0.5789473684210527,0.829272018597661,RBLbCb,4,0.1
464,0.029914529914529916,Grey,0.71875,0.887024242507922,White,0.5714285714285714,0.8339206638376185,SRaYCb,4,0.1
465,0.029914529914529916,Silver,0.757396449704142,0.8869877949140424,White,0.5952380952380952,0.8365955607617924,SRaCrCb,4,0.1
765,0.028846153846153848,Grey,0.7272727272727273,0.8869792556532273,White,0.6190476190476191,0.8375410273182885,GLYCrCb,4,0.1
7,0.030982905982905984,Silver,0.7455621301775148,0.8869277906879067,White,0.5714285714285714,0.8356331332067015,HSVRCb,4,0.1
42,0.030982905982905984,Grey,0.7272727272727273,0.886900567517357,Grey,0.631578947368421,0.8454002309034121,HSRGCb,4,0.1
298,0.029914529914529916,Silver,0.7267441860465116,0.8868791721896142,Grey,0.6052631578947368,0.8279614022834169,HBLaCb,4,0.1
167,0.027777777777777776,Grey,0.75,0.886829542878114,White,0.5952380952380952,0.8310822018271248,HVGYCb,4,0.1
60,0.030982905982905984,Silver,0.7309941520467836,0.8868008332345624,White,0.5952380952380952,0.8341293654139113,HSRbCb,4,0.1
103,0.030982905982905984,Grey,0.71875,0.886795944854218,White,0.5476190476190477,0.8288987024488865,HSLaCb,4,0.1
410,0.029914529914529916,Grey,0.71875,0.886771153521414,Grey,0.6052631578947368,0.8368335177544198,SVbYCr,4,0.1
619,0.027777777777777776,Gold,0.751412429378531,0.8867160360510884,Grey,0.5789473684210527,0.8302093926995474,VGLYCb,4,0.1
733,0.030982905982905984,Silver,0.7151162790697675,0.8866985374040594,White,0.5952380952380952,0.830823089042516,RabCrCb,4,0.1
147,0.029914529914529916,Silver,0.7413793103448276,0.8866533759279785,White,0.5952380952380952,0.8349653993908527,HVRCrCb,4,0.1
152,0.027777777777777776,Grey,0.7272727272727273,0.8865337134200536,White,0.5714285714285714,0.8294093599847021,HVGBCr,4,0.1
788,0.030982905982905984,Silver,0.7167630057803468,0.8865323712191392,White,0.5952380952380952,0.8304837201338461,LabCrCb,4,0.1
41,0.029914529914529916,Grey,0.75,0.8865186875917146,White,0.5952380952380952,0.8393673163721941,HSRGCr,4,0.1
19,0.030982905982905984,Grey,0.7272727272727273,0.8864884309827434,White,0.6190476190476191,0.8380794654402679,HSVBCr,4,0.1
442,0.029914529914529916,Grey,0.71875,0.8864794044692293,White,0.5952380952380952,0.8361681659308088,SRBaCr,4,0.1
584,0.027777777777777776,Silver,0.7575757575757576,0.8864406238225515,Grey,0.6052631578947368,0.8343136255196484,VRLYCb,4,0.1
271,0.027777777777777776,Silver,0.7309941520467836,0.8864002556878157,Grey,0.5526315789473685,0.8200196085991229,HGBbCb,4,0.1
371,0.028846153846153848,Grey,0.71875,0.8862483572187853,White,0.5952380952380952,0.8311998079937126,SVGaCr,4,0.1
519,0.029914529914529916,Grey,0.71875,0.8862204666004714,White,0.5952380952380952,0.8321637067873078,SBaYCb,4,0.1
98,0.030982905982905984,Grey,0.7272727272727273,0.886162724983638,White,0.5714285714285714,0.834278506500267,HSBYCb,4,0.1
8,0.029914529914529916,Grey,0.6666666666666666,0.8861467338584864,White,0.6190476190476191,0.8381548456781567,HSVGB,4,0.1
48,0.030982905982905984,Grey,0.75,0.8861304170733146,White,0.6190476190476191,0.8387798746084764,HSRBCb,4,0.1
510,0.028846153846153848,Grey,0.71875,0.886107886325976,Grey,0.6052631578947368,0.8347041685811066,SBLbCr,4,0.1
323,0.030982905982905984,Silver,0.7167630057803468,0.8860882898406712,White,0.5952380952380952,0.8323407911323172,HLbCrCb,4,0.1
674,0.02564102564102564,Gold,0.7403314917127072,0.886043040755098,Grey,0.5526315789473685,0.8238974303746632,RGBaCb,4,0.1
192,0.027777777777777776,Silver,0.7325581395348837,0.885976864494727,White,0.6190476190476191,0.8302941260475573,HVLYCb,4,0.1
679,0.026709401709401708,Grey,0.7419354838709677,0.885916334039779,White,0.5714285714285714,0.8260774988504342,RGBYCb,4,0.1
728,0.027777777777777776,Silver,0.7167630057803468,0.8858783198811561,White,0.5714285714285714,0.822622266796324,RLbYCb,4,0.1
355,0.028846153846153848,Grey,0.696969696969697,0.8858174113636902,White,0.5476190476190477,0.8275017469861115,SVRYCr,4,0.1
36,0.029914529914529916,Grey,0.6571428571428571,0.8857637804499002,Grey,0.6052631578947368,0.8365332247956174,HSRGB,4,0.1
588,0.027777777777777776,Silver,0.7337278106508875,0.8857584296655276,Grey,0.5526315789473685,0.82443798233068,VRabCb,4,0.1
620,0.029914529914529916,Grey,0.71875,0.885745353990721,Grey,0.6052631578947368,0.836176716724897,VGLCrCb,4,0.1
186,0.026709401709401708,Gold,0.7365591397849462,0.8857053518780836,Grey,0.5,0.8146538021532197,HVLaCr,4,0.1
655,0.027777777777777776,Silver,0.7409638554216867,0.885673247411871,Grey,0.5263157894736842,0.8232967833496369,VLaYCb,4,0.1
693,0.027777777777777776,Silver,0.727810650887574,0.8856475290287957,Grey,0.5526315789473685,0.8247905708688326,RGabCb,4,0.1
125,0.028846153846153848,Grey,0.7058823529411765,0.8855847134386211,White,0.5476190476190477,0.8283386791740883,HVRGCr,4,0.1
15,0.030982905982905984,Grey,0.7096774193548387,0.8855792250158856,Grey,0.5789473684210527,0.8330188332773448,HSVBL,4,0.1
502,0.029914529914529916,Grey,0.6451612903225806,0.8855390409994365,Grey,0.5263157894736842,0.8340871217900332,SGbYCb,4,0.1
431,0.029914529914529916,Grey,0.71875,0.8855354576219638,White,0.5952380952380952,0.8340291439044415,SRGbCb,4,0.1
258,0.030982905982905984,Silver,0.7225433526011561,0.885533008599544,Grey,0.631578947368421,0.8361940741416084,HRbCrCb,4,0.1
533,0.029914529914529916,Silver,0.7294117647058823,0.8853994711478089,White,0.5714285714285714,0.8295527887593662,SLbCrCb,4,0.1
66,0.027777777777777776,Grey,0.6666666666666666,0.8853500426762019,Grey,0.5789473684210527,0.8270337478873372,HSGBb,4,0.1
775,0.027777777777777776,Silver,0.7321428571428571,0.885323544965227,Grey,0.5526315789473685,0.8228396852694488,BLaYCb,4,0.1
545,0.026709401709401708,Grey,0.7419354838709677,0.8852111109259384,White,0.5714285714285714,0.825440940750024,VRGBCb,4,0.1
20,0.030982905982905984,Grey,0.7272727272727273,0.8851209824925645,White,0.6190476190476191,0.8376388700191959,HSVBCb,4,0.1
587,0.027777777777777776,Silver,0.7321428571428571,0.8849233104648188,Grey,0.5789473684210527,0.8227546411666278,VRabCr,4,0.1
386,0.029914529914529916,Grey,0.71875,0.8849084092594636,White,0.5714285714285714,0.8326003126883763,SVBaCr,4,0.1
95,0.029914529914529916,Grey,0.71875,0.8848831376994366,Grey,0.6052631578947368,0.8304868754248818,HSBbCr,4,0.1
625,0.026709401709401708,Gold,0.7431693989071039,0.8848451066439007,Grey,0.5263157894736842,0.8197143208558824,VGaYCb,4,0.1
353,0.029914529914529916,Grey,0.71875,0.8848313883046848,Grey,0.6052631578947368,0.8325651250598848,SVRbCr,4,0.1
387,0.029914529914529916,Grey,0.696969696969697,0.88482237435544,Grey,0.6052631578947368,0.8343080997327019,SVBaCb,4,0.1
196,0.028846153846153848,Silver,0.7142857142857143,0.8848124039407884,Grey,0.5,0.8222768732105765,HVabCb,4,0.1
347,0.030982905982905984,Grey,0.71875,0.8847773680744798,Grey,0.6052631578947368,0.8406669971788611,SVRLCb,4,0.1
529,0.029914529914529916,Grey,0.696969696969697,0.8846757599871373,White,0.5714285714285714,0.8316671380941598,SLaYCb,4,0.1
518,0.030982905982905984,Grey,0.71875,0.8846659190857787,White,0.5952380952380952,0.8336725346350937,SBaYCr,4,0.1
93,0.030982905982905984,Grey,0.71875,0.8846454943451507,Grey,0.6052631578947368,0.8289200889318196,HSBaCb,4,0.1
92,0.029914529914529916,Grey,0.7419354838709677,0.8846357736119496,Grey,0.6052631578947368,0.8313036648943425,HSBaCr,4,0.1
106,0.030982905982905984,Grey,0.696969696969697,0.8845864422392554,White,0.5476190476190477,0.828053974081852,HSLbCb,4,0.1
743,0.026709401709401708,Silver,0.7439024390243902,0.8845851768990157,White,0.5952380952380952,0.8261772678101562,GBLYCr,4,0.1
283,0.027777777777777776,Silver,0.7102272727272727,0.8844488270367173,Grey,0.6052631578947368,0.8264131872994696,HGLYCb,4,0.1
251,0.026709401709401708,Silver,0.7109826589595376,0.884398738652506,Grey,0.5,0.813618249902369,HRabCr,4,0.1
382,0.029914529914529916,Grey,0.71875,0.8843476785205588,Grey,0.6052631578947368,0.833945909556661,SVBLCr,4,0.1
9,0.029914529914529916,Grey,0.7333333333333333,0.8843219516507581,Grey,0.5789473684210527,0.8298951968012331,HSVGL,4,0.1
493,0.030982905982905984,Grey,0.71875,0.8843119220509353,White,0.5952380952380952,0.8333465517201527,SGLYCb,4,0.1
182,0.027777777777777776,Grey,0.7272727272727273,0.884311729392683,White,0.5714285714285714,0.8247584620259955,HVBYCb,4,0.1
367,0.029914529914529916,Grey,0.7058823529411765,0.8843101782702388,White,0.5952380952380952,0.8331803622968386,SVGLCr,4,0.1
428,0.028846153846153848,Grey,0.71875,0.884264982734659,White,0.5714285714285714,0.8316252977505953,SRGaCb,4,0.1
453,0.030982905982905984,Grey,0.696969696969697,0.8842384111614882,Grey,0.6052631578947368,0.8368060551796561,SRLaCb,4,0.1
65,0.027777777777777776,Grey,0.6470588235294118,0.8841993049543595,Grey,0.5789473684210527,0.8299262576763987,HSGBa,4,0.1
368,0.028846153846153848,Grey,0.6764705882352942,0.8840627979890294,White,0.5952380952380952,0.8324951715362399,SVGLCb,4,0.1
166,0.028846153846153848,Grey,0.71875,0.884010043711373,White,0.5476190476190477,0.8246163013423776,HVGYCr,4,0.1
79,0.027777777777777776,Grey,0.6666666666666666,0.883958883769089,Grey,0.5789473684210527,0.8279463168421736,HSGbY,4,0.1
43,0.030982905982905984,Silver,0.7094972067039106,0.883724752593145,White,0.5714285714285714,0.8262919795218777,HSRBL,4,0.1
521,0.028846153846153848,Grey,0.71875,0.8837219683832888,Grey,0.6052631578947368,0.8322668362022285,SBbYCr,4,0.1
213,0.027777777777777776,Silver,0.7352941176470589,0.8836979544220511,White,0.5238095238095238,0.8181104984391872,HRGLCr,4,0.1
523,0.03205128205128205,Grey,0.7419354838709677,0.883663390971864,Grey,0.6052631578947368,0.8401129189010365,SBbCrCb,4,0.1
430,0.029914529914529916,Grey,0.71875,0.8836506348763393,White,0.5714285714285714,0.8313390122599144,SRGbCr,4,0.1
301,0.028846153846153848,Silver,0.7045454545454546,0.8836225259368201,White,0.5714285714285714,0.8168040487359357,HBLbCb,4,0.1
467,0.029914529914529916,Grey,0.71875,0.8835355535700629,White,0.5476190476190477,0.8289230673078214,SRbYCb,4,0.1
87,0.030982905982905984,Grey,0.6666666666666666,0.883510259543928,White,0.5714285714285714,0.82950791781985,HSBLY,4,0.1
307,0.029914529914529916,Silver,0.7298850574712644,0.883489306156949,White,0.5714285714285714,0.8219774906286312,HBabCb,4,0.1
713,0.027777777777777776,Silver,0.7365269461077845,0.8834765589997949,Grey,0.5526315789473685,0.8235847234366818,RBabCb,4,0.1
372,0.028846153846153848,Grey,0.696969696969697,0.8834635230610464,White,0.5952380952380952,0.8300619289777976,SVGaCb,4,0.1
132,0.028846153846153848,Grey,0.7058823529411765,0.8834162622911825,White,0.6190476190476191,0.8308222331664109,HVRBCb,4,0.1
718,0.026709401709401708,Gold,0.7348066298342542,0.8833684964604168,Grey,0.5789473684210527,0.8233990973298846,RBbYCb,4,0.1
760,0.026709401709401708,Silver,0.7251461988304093,0.8833572197398861,Grey,0.5789473684210527,0.8222858956325856,GLaYCb,4,0.1
526,0.029914529914529916,Grey,0.696969696969697,0.8833150112385334,Grey,0.6052631578947368,0.8317153863125083,SLabCr,4,0.1
499,0.030982905982905984,Grey,0.71875,0.8833119194334376,White,0.5714285714285714,0.8331323578032599,SGaYCb,4,0.1
443,0.030982905982905984,Grey,0.71875,0.8832376782769227,Grey,0.6052631578947368,0.8361912247775917,SRBaCb,4,0.1
88,0.03311965811965812,Grey,0.7272727272727273,0.8832280416731719,White,0.6190476190476191,0.8370085455567207,HSBLCr,4,0.1
446,0.029914529914529916,Grey,0.71875,0.8832210949171355,Grey,0.6052631578947368,0.8338619234049369,SRBbCb,4,0.1
417,0.028846153846153848,Grey,0.6,0.8831941858066679,White,0.5714285714285714,0.8302356784027587,SRGBY,4,0.1
773,0.027777777777777776,Silver,0.7337278106508875,0.8831881114927894,Grey,0.5526315789473685,0.825510123345895,BLabCb,4,0.1
146,0.027777777777777776,Grey,0.75,0.8831666013424981,White,0.6190476190476191,0.8305574090389322,HVRYCb,4,0.1
47,0.030982905982905984,Grey,0.75,0.883142563184532,White,0.5952380952380952,0.8365503722246624,HSRBCr,4,0.1
692,0.027777777777777776,Silver,0.7218934911242604,0.8831398831486984,Grey,0.5526315789473685,0.8189439161804373,RGabCr,4,0.1
732,0.027777777777777776,Silver,0.7261904761904762,0.8830933889016274,Grey,0.5263157894736842,0.8197083244678243,RabYCb,4,0.1
466,0.029914529914529916,Grey,0.71875,0.8829689548165576,White,0.5476190476190477,0.8301377046069939,SRbYCr,4,0.1
401,0.028846153846153848,Grey,0.696969696969697,0.8829661040121144,White,0.5952380952380952,0.8289112249056565,SVLYCr,4,0.1
712,0.027777777777777776,Silver,0.7321428571428571,0.8829495042270826,Grey,0.5526315789473685,0.8219273275300087,RBabCr,4,0.1
528,0.029914529914529916,Grey,0.696969696969697,0.8829100994307372,Grey,0.6052631578947368,0.8317194070437033,SLaYCr,4,0.1
445,0.029914529914529916,Grey,0.71875,0.8828753140855679,Grey,0.6052631578947368,0.8332308171550563,SRBbCr,4,0.1
233,0.027777777777777776,Silver,0.727810650887574,0.8828441307132481,Grey,0.6052631578947368,0.8273807183823809,HRBaCb,4,0.1
455,0.030982905982905984,Grey,0.71875,0.8827973439769174,Grey,0.6052631578947368,0.8365012721162773,SRLbCr,4,0.1
57,0.03311965811965812,Silver,0.7325581395348837,0.8827468446619319,White,0.5952380952380952,0.8342255244331879,HSRaCb,4,0.1
27,0.028846153846153848,Grey,0.6666666666666666,0.8827447626047603,Grey,0.5789473684210527,0.8289648108624765,HSVaY,4,0.1
662,0.027777777777777776,Silver,0.7321428571428571,0.8827386065411822,Grey,0.5526315789473685,0.8203176861957254,VabYCb,4,0.1
58,0.030982905982905984,Grey,0.6875,0.8827312058320284,Grey,0.5789473684210527,0.8292260633193602,HSRbY,4,0.1
536,0.029914529914529916,Grey,0.6764705882352942,0.8826769997804536,Grey,0.6052631578947368,0.8311169405472992,SabYCb,4,0.1
273,0.027777777777777776,Grey,0.7333333333333333,0.8826652791237041,Grey,0.5789473684210527,0.8208580565211274,HGBYCb,4,0.1
624,0.026709401709401708,Gold,0.7445652173913043,0.8825144566799891,White,0.5714285714285714,0.8169170112270872,VGaYCr,4,0.1
731,0.027777777777777776,Silver,0.711764705882353,0.8824605471375799,Grey,0.5526315789473685,0.8151954640351834,RabYCr,4,0.1
4,0.030982905982905984,Grey,0.6666666666666666,0.882367643299906,Grey,0.5789473684210527,0.8268745412348046,HSVRb,4,0.1
589,0.026709401709401708,Gold,0.73224043715847,0.8823668110394357,Grey,0.5789473684210527,0.8184109433983507,VRaYCr,4,0.1
11,0.030982905982905984,Grey,0.6470588235294118,0.8823644453972943,Grey,0.5789473684210527,0.8282331574612425,HSVGb,4,0.1
222,0.027777777777777776,Silver,0.7470588235294118,0.8822176448604241,White,0.5476190476190477,0.8202670214396771,HRGYCr,4,0.1
609,0.026709401709401708,Grey,0.71875,0.8821312624371279,White,0.5714285714285714,0.8312484482733862,VGBYCb,4,0.1
739,0.027777777777777776,Gold,0.7307692307692307,0.8820666368106713,Grey,0.5526315789473685,0.8196538970030728,GBLaCb,4,0.1
389,0.029914529914529916,Grey,0.71875,0.8820657498884956,Grey,0.6052631578947368,0.83630301377564,SVBbCr,4,0.1
249,0.03205128205128205,Grey,0.7058823529411765,0.8819744823882161,White,0.6190476190476191,0.8384182334639323,HRLCrCb,4,0.1
488,0.029914529914529916,Grey,0.6764705882352942,0.8819630894741616,White,0.5714285714285714,0.8302362727478296,SGLaCb,4,0.1
744,0.027777777777777776,Gold,0.726775956284153,0.8819610758099053,Grey,0.5789473684210527,0.8197282959044665,GBLYCb,4,0.1
145,0.028846153846153848,Grey,0.7272727272727273,0.8819194925229242,White,0.5476190476190477,0.8239219777607241,HVRYCr,4,0.1
508,0.030982905982905984,Grey,0.696969696969697,0.8817461413817868,White,0.5714285714285714,0.831599716583496,SBLaCb,4,0.1
351,0.030982905982905984,Grey,0.71875,0.8817235132926249,White,0.5714285714285714,0.8298816976087469,SVRaCb,4,0.1
282,0.026709401709401708,Silver,0.7267441860465116,0.8817219576253772,White,0.5238095238095238,0.8164110809570146,HGLYCr,4,0.1
330,0.028846153846153848,Grey,0.6052631578947368,0.8817067277829944,White,0.5714285714285714,0.8264595414334415,SVRGB,4,0.1
2,0.030982905982905984,Grey,0.7096774193548387,0.8816352422836814,Grey,0.5789473684210527,0.829232557525083,HSVRL,4,0.1
530,0.03311965811965812,Silver,0.7251461988304093,0.8816184366108366,White,0.5714285714285714,0.8338834971529518,SLaCrCb,4,0.1
102,0.029914529914529916,Grey,0.6571428571428571,0.8815918128366236,White,0.5714285714285714,0.8268815913342211,HSLaCr,4,0.1
478,0.029914529914529916,Grey,0.6764705882352942,0.8815741588373445,White,0.5714285714285714,0.8285894896230465,SGBaCb,4,0.1
750,0.026709401709401708,Gold,0.7307692307692307,0.8814705815095892,Grey,0.5789473684210527,0.8183357159024566,GBaYCb,4,0.1
229,0.027777777777777776,Grey,0.71875,0.8813662879467129,White,0.5952380952380952,0.8242193140599917,HRBLCb,4,0.1
507,0.03311965811965812,Grey,0.71875,0.8812421255162738,Grey,0.6052631578947368,0.8408426742232554,SBLaCr,4,0.1
535,0.029914529914529916,Grey,0.71875,0.8811820854589472,Grey,0.6052631578947368,0.832062423927429,SabYCr,4,0.1
96,0.03205128205128205,Grey,0.71875,0.8811561508139065,White,0.5714285714285714,0.8262199441626781,HSBbCb,4,0.1
214,0.027777777777777776,Silver,0.7159763313609467,0.8811160768306248,White,0.6190476190476191,0.8289535095304957,HRGLCb,4,0.1
474,0.030982905982905984,Grey,0.6451612903225806,0.881017508233496,Grey,0.5263157894736842,0.8223314034088455,SGBLCb,4,0.1
414,0.030982905982905984,Grey,0.5714285714285714,0.8809698123947778,White,0.5714285714285714,0.8337578378328729,SRGBL,4,0.1
628,0.027777777777777776,Silver,0.7349397590361446,0.8807614600665767,Grey,0.5263157894736842,0.82402121587749,VGbYCb,4,0.1
248,0.027777777777777776,Silver,0.727810650887574,0.8807395168061883,Grey,0.6052631578947368,0.8288864675537325,HRLYCb,4,0.1
487,0.028846153846153848,Grey,0.696969696969697,0.8807339108982492,Grey,0.6052631578947368,0.830503776741729,SGLaCr,4,0.1
407,0.029914529914529916,Grey,0.71875,0.8807279453765471,White,0.5714285714285714,0.8275971073943491,SVaYCr,4,0.1
723,0.028846153846153848,Silver,0.7251461988304093,0.8807032825858288,Grey,0.5263157894736842,0.8208405391900832,RLabCb,4,0.1
354,0.029914529914529916,Grey,0.7096774193548387,0.8806837239803863,Grey,0.5789473684210527,0.8240562371831041,SVRbCb,4,0.1
399,0.029914529914529916,Grey,0.71875,0.8806635753779636,Grey,0.6052631578947368,0.8319484920100765,SVLbCr,4,0.1
787,0.027777777777777776,Silver,0.7251461988304093,0.8806397447915173,Grey,0.5263157894736842,0.8173611321748324,LabYCb,4,0.1
758,0.027777777777777776,Silver,0.7294117647058823,0.8804923633359475,Grey,0.5263157894736842,0.8162888802446534,GLabCb,4,0.1
140,0.02564102564102564,Grey,0.7333333333333333,0.8804796102549317,Grey,0.5789473684210527,0.8177441495113378,HVRaCr,4,0.1
10,0.029914529914529916,Grey,0.6875,0.8804491347447334,Grey,0.5789473684210527,0.8252004504031774,HSVGa,4,0.1
67,0.030982905982905984,Grey,0.6571428571428571,0.8803939154653406,Grey,0.6052631578947368,0.8363004593696098,HSGBY,4,0.1
462,0.030982905982905984,Grey,0.6764705882352942,0.880353355575939,Grey,0.6052631578947368,0.832280432183624,SRabCb,4,0.1
137,0.027777777777777776,Silver,0.7225433526011561,0.8803319129919139,White,0.6190476190476191,0.8276849330895117,HVRLCb,4,0.1
397,0.03205128205128205,Grey,0.696969696969697,0.8802951046603893,Grey,0.6052631578947368,0.8364640278994201,SVLaCb,4,0.1
94,0.027777777777777776,Grey,0.6470588235294118,0.8802667273424143,White,0.5714285714285714,0.8215744000378614,HSBbY,4,0.1
643,0.027777777777777776,Silver,0.7321428571428571,0.8802404799102631,Grey,0.5,0.8164836373882274,VBabCb,4,0.1
722,0.028846153846153848,Silver,0.7159763313609467,0.880049872073637,Grey,0.5526315789473685,0.8196343122240316,RLabCr,4,0.1
317,0.029914529914529916,Silver,0.72,0.8800145454865856,White,0.5476190476190477,0.823312423766985,HLabCb,4,0.1
30,0.029914529914529916,Grey,0.6285714285714286,0.8799863211419362,Grey,0.5789473684210527,0.8251052190511037,HSVbY,4,0.1
582,0.028846153846153848,Silver,0.7455621301775148,0.8799854714443222,Grey,0.5526315789473685,0.8234771554411578,VRLbCb,4,0.1
405,0.030982905982905984,Grey,0.696969696969697,0.8797733320854658,Grey,0.6052631578947368,0.8322187679880849,SVabCr,4,0.1
463,0.029914529914529916,Grey,0.696969696969697,0.8796590348240841,White,0.5952380952380952,0.831483222669701,SRaYCr,4,0.1
350,0.030982905982905984,Grey,0.71875,0.8795129169800229,White,0.5952380952380952,0.8308062947790683,SVRaCr,4,0.1
191,0.02564102564102564,Grey,0.7272727272727273,0.879473005020807,White,0.5952380952380952,0.8180662883650183,HVLYCr,4,0.1
415,0.029914529914529916,Grey,0.5714285714285714,0.8794573324403466,White,0.5714285714285714,0.8311442850998021,SRGBa,4,0.1
105,0.030982905982905984,Grey,0.6571428571428571,0.8794541107805188,White,0.5476190476190477,0.8265010674942684,HSLbCr,4,0.1
441,0.029914529914529916,Grey,0.5714285714285714,0.8793336767148973,White,0.5952380952380952,0.8334123928323722,SRBaY,4,0.1
38,0.029914529914529916,Grey,0.6774193548387096,0.8791990825911398,Grey,0.5526315789473685,0.8238765680734103,HSRGa,4,0.1
572,0.026709401709401708,Silver,0.7409638554216867,0.8791765995860706,Grey,0.5,0.8145106050133595,VRBbCb,4,0.1
497,0.028846153846153848,Grey,0.6571428571428571,0.8791423063712931,Grey,0.6052631578947368,0.829903837389145,SGabCb,4,0.1
531,0.028846153846153848,Grey,0.71875,0.8790990307231973,Grey,0.6052631578947368,0.8289101218860851,SLbYCr,4,0.1
456,0.029914529914529916,Grey,0.6875,0.8790387446661071,Grey,0.5789473684210527,0.8294109932414755,SRLbCb,4,0.1
45,0.028846153846153848,Grey,0.6666666666666666,0.879015649222652,Grey,0.5789473684210527,0.8218339823024774,HSRBb,4,0.1
55,0.030982905982905984,Grey,0.6774193548387096,0.8789758099336583,Grey,0.5526315789473685,0.8261248798115426,HSRaY,4,0.1
688,0.030982905982905984,Gold,0.7362637362637363,0.8788767455074933,Grey,0.5789473684210527,0.8235162633438508,RGLYCr,4,0.1
120,0.026709401709401708,Grey,0.625,0.8787970863754174,Grey,0.39473684210526316,0.8117405462032289,HVRGB,4,0.1
39,0.030982905982905984,Grey,0.6470588235294118,0.878324873059441,Grey,0.5789473684210527,0.8295487373030761,HSRGb,4,0.1
517,0.029914529914529916,Grey,0.6571428571428571,0.8782289521716407,White,0.5476190476190477,0.8226543887074693,SBabCb,4,0.1
44,0.029914529914529916,Grey,0.6451612903225806,0.8782256938277461,Grey,0.5263157894736842,0.8239476095316134,HSRBa,4,0.1
72,0.030982905982905984,Grey,0.7241379310344828,0.8781450780529915,Grey,0.5526315789473685,0.821424892778354,HSGLY,4,0.1
51,0.030982905982905984,Grey,0.7,0.8781018457613317,Grey,0.5526315789473685,0.8237530923591675,HSRLY,4,0.1
46,0.030982905982905984,Grey,0.6388888888888888,0.8780763545267768,White,0.5952380952380952,0.830081650403415,HSRBY,4,0.1
481,0.028846153846153848,Grey,0.6129032258064516,0.8780346986429977,Grey,0.5,0.8187554228591808,SGBbCb,4,0.1
461,0.030982905982905984,Grey,0.6764705882352942,0.8779074314818511,Grey,0.6052631578947368,0.8310723115482749,SRabCr,4,0.1
452,0.030982905982905984,Grey,0.696969696969697,0.8778681402490517,White,0.5952380952380952,0.8314158011590371,SRLaCr,4,0.1
396,0.030982905982905984,Grey,0.696969696969697,0.8777000274466149,White,0.5714285714285714,0.827578434686607,SVLaCr,4,0.1
346,0.030982905982905984,Grey,0.696969696969697,0.8776495976873101,Grey,0.6052631578947368,0.8322197622186168,SVRLCr,4,0.1
91,0.028846153846153848,Grey,0.6666666666666666,0.8775201714834409,Grey,0.5789473684210527,0.8233963302149365,HSBaY,4,0.1
18,0.03205128205128205,Grey,0.6052631578947368,0.877430474300994,White,0.5952380952380952,0.8309494376172324,HSVBY,4,0.1
767,0.027777777777777776,Silver,0.7305389221556886,0.8773868124566213,Grey,0.5526315789473685,0.8183332055822702,GabYCb,4,0.1
71,0.027777777777777776,Grey,0.6071428571428571,0.8771167863908322,Grey,0.4473684210526316,0.8153785271187288,HSGLb,4,0.1
623,0.027777777777777776,Silver,0.7272727272727273,0.8769978407446299,Grey,0.5,0.8154502007944706,VGabCb,4,0.1
23,0.030982905982905984,Grey,0.7096774193548387,0.8769768275979243,Grey,0.5789473684210527,0.827068471011608,HSVLY,4,0.1
558,0.03205128205128205,Grey,0.7333333333333333,0.8769436498060864,Grey,0.5789473684210527,0.8255576911927899,VRGYCr,4,0.1
406,0.030982905982905984,Grey,0.6764705882352942,0.8768960137804102,Grey,0.6052631578947368,0.8289104970102681,SVabCb,4,0.1
653,0.028846153846153848,Silver,0.7261904761904762,0.876825131981583,Grey,0.5263157894736842,0.8166361278472406,VLabCb,4,0.1
40,0.029914529914529916,Silver,0.7241379310344828,0.8767588389645365,White,0.5714285714285714,0.822686349392301,HSRGY,4,0.1
3,0.028846153846153848,Grey,0.6666666666666666,0.8767368497340376,Grey,0.5263157894736842,0.8199734825498387,HSVRa,4,0.1
516,0.030982905982905984,Grey,0.71875,0.8762936878189943,Grey,0.6052631578947368,0.8290465408504821,SBabCr,4,0.1
416,0.029914529914529916,Grey,0.5714285714285714,0.876056135309883,White,0.5952380952380952,0.8306289349098724,SRGBb,4,0.1
76,0.028846153846153848,Grey,0.6774193548387096,0.876034154619619,Grey,0.5526315789473685,0.823922602157289,HSGaY,4,0.1
694,0.026709401709401708,Silver,0.7361963190184049,0.8760239122107595,Grey,0.5789473684210527,0.814177056845334,RGaYCr,4,0.1
654,0.026709401709401708,Gold,0.7377049180327869,0.876006844508252,White,0.5714285714285714,0.8129172209189803,VLaYCr,4,0.1
0,0.03205128205128205,Grey,0.6216216216216216,0.8756293028836628,Grey,0.6052631578947368,0.8327790065170966,HSVRG,4,0.1
618,0.029914529914529916,Gold,0.7359550561797753,0.8755974081498323,White,0.5714285714285714,0.8170898730760509,VGLYCr,4,0.1
748,0.027777777777777776,Silver,0.7305389221556886,0.8755532547397985,Grey,0.5263157894736842,0.8167115846997312,GBabCb,4,0.1
782,0.027777777777777776,Silver,0.7289156626506024,0.8755456438879108,Grey,0.5526315789473685,0.8207010035146419,BabYCb,4,0.1
352,0.029914529914529916,Grey,0.5609756097560976,0.8754899597037464,White,0.5714285714285714,0.8270623014815419,SVRbY,4,0.1
50,0.030982905982905984,Grey,0.6071428571428571,0.8752305067981598,Grey,0.4473684210526316,0.8187367825709762,HSRLb,4,0.1
426,0.029914529914529916,Grey,0.5853658536585366,0.8751957853639711,White,0.5952380952380952,0.8280911014585208,SRGaY,4,0.1
600,0.026709401709401708,Grey,0.68,0.8751186326186328,Grey,0.4473684210526316,0.8128297908645129,VGBLCb,4,0.1
359,0.029914529914529916,Grey,0.5476190476190477,0.8750822190034466,White,0.5952380952380952,0.8251015039561709,SVGBa,4,0.1
375,0.029914529914529916,Grey,0.6388888888888888,0.8748448366283497,White,0.5952380952380952,0.8336247278869329,SVGbCb,4,0.1
607,0.027777777777777776,Grey,0.6538461538461539,0.8747446685281494,Grey,0.4473684210526316,0.8141821816758318,VGBbCb,4,0.1
139,0.027777777777777776,Gold,0.6650485436893204,0.8746589776750557,Grey,0.39473684210526316,0.7968387347889492,HVRaY,4,0.1
1,0.030982905982905984,Grey,0.6388888888888888,0.8746109832997556,Grey,0.6052631578947368,0.8264458182457914,HSVRB,4,0.1
338,0.028846153846153848,Grey,0.5714285714285714,0.8745192463826439,White,0.5714285714285714,0.8240304590552772,SVRBa,4,0.1
385,0.029914529914529916,Grey,0.5476190476190477,0.8744677011141622,White,0.5714285714285714,0.822917852930779,SVBaY,4,0.1
130,0.026709401709401708,Grey,0.6521739130434783,0.874424001811446,Grey,0.39473684210526316,0.8092506260981012,HVRBY,4,0.1
37,0.029914529914529916,Grey,0.6774193548387096,0.8743201166804992,Grey,0.5526315789473685,0.8234028197494383,HSRGL,4,0.1
70,0.028846153846153848,Grey,0.6206896551724138,0.8742437537791926,Grey,0.47368421052631576,0.8176415573967374,HSGLa,4,0.1
253,0.027777777777777776,Silver,0.7272727272727273,0.8741779252864925,Grey,0.5,0.8101277349200913,HRaYCr,4,0.1
476,0.028846153846153848,Grey,0.55,0.8739583058784776,White,0.5714285714285714,0.820468744041883,SGBaY,4,0.1
5,0.030982905982905984,Grey,0.6153846153846154,0.8739309091473643,White,0.5952380952380952,0.8275234823190478,HSVRY,4,0.1
383,0.029914529914529916,Grey,0.6875,0.8739165423441112,Grey,0.5789473684210527,0.833503899244562,SVBLCb,4,0.1
429,0.030982905982905984,Grey,0.5609756097560976,0.8738830061166593,White,0.5952380952380952,0.827755795240965,SRGbY,4,0.1
12,0.030982905982905984,Grey,0.6388888888888888,0.8736331689159225,White,0.5952380952380952,0.8269635948339965,HSVGY,4,0.1
127,0.027777777777777776,Grey,0.6521739130434783,0.8733893633073652,Grey,0.39473684210526316,0.8010484383102923,HVRBL,4,0.1
420,0.029914529914529916,Grey,0.575,0.8732901919735506,Grey,0.6052631578947368,0.825914612965997,SRGLa,4,0.1
26,0.027777777777777776,Grey,0.5925925925925926,0.8732399707280616,Grey,0.42105263157894735,0.8079353969664046,HSVab,4,0.1
553,0.028846153846153848,Gold,0.7472527472527473,0.8731494580848334,Grey,0.5789473684210527,0.8125459313528081,VRGaCr,4,0.1
227,0.027777777777777776,Grey,0.6521739130434783,0.8730098465921725,Grey,0.39473684210526316,0.8009196928756499,HRBLY,4,0.1
724,0.026709401709401708,Silver,0.718562874251497,0.8728898073610124,Grey,0.5789473684210527,0.8089617183944857,RLaYCr,4,0.1
506,0.028846153846153848,Grey,0.5348837209302325,0.8728139407243876,White,0.5952380952380952,0.8191359069700811,SBLaY,4,0.1
151,0.026709401709401708,Grey,0.6666666666666666,0.87281030897478,Grey,0.3684210526315789,0.7984009407968651,HVGBY,4,0.1
361,0.028846153846153848,Grey,0.575,0.8727755697685065,Grey,0.6052631578947368,0.8252732857297603,SVGBY,4,0.1
444,0.028846153846153848,Grey,0.5476190476190477,0.8724360937101298,White,0.5714285714285714,0.8202207270718885,SRBbY,4,0.1
527,0.029914529914529916,Grey,0.6571428571428571,0.8724099821264153,White,0.5952380952380952,0.8225860753926307,SLabCb,4,0.1
379,0.030982905982905984,Grey,0.5476190476190477,0.8723082994645974,White,0.5952380952380952,0.8222638453802199,SVBLa,4,0.1
85,0.027777777777777776,Grey,0.5925925925925926,0.8720679870922786,Grey,0.42105263157894735,0.80850218064918,HSBLa,4,0.1
101,0.029914529914529916,Grey,0.6,0.8718354854288867,Grey,0.39473684210526316,0.8146969615845095,HSLaY,4,0.1
217,0.027777777777777776,Silver,0.7289156626506024,0.8715354723431025,Grey,0.5,0.8127589958480428,HRGaCr,4,0.1
333,0.030982905982905984,Grey,0.5609756097560976,0.8715068083054358,White,0.5714285714285714,0.8247592654605381,SVRGb,4,0.1
470,0.028846153846153848,Grey,0.55,0.8713977305519247,White,0.5714285714285714,0.817635335224188,SGBLa,4,0.1
16,0.028846153846153848,Grey,0.6,0.8713223977037123,Grey,0.39473684210526316,0.8106419000879593,HSVBa,4,0.1
440,0.028846153846153848,Grey,0.5609756097560976,0.8712364024398911,White,0.5476190476190477,0.8183097788678929,SRBab,4,0.1
247,0.027777777777777776,Silver,0.7267441860465116,0.871126056248277,Grey,0.4473684210526316,0.8004714663162255,HRLYCr,4,0.1
340,0.027777777777777776,Grey,0.5365853658536586,0.871002223690907,White,0.5476190476190477,0.8166190593329937,SVRBY,4,0.1
242,0.026709401709401708,Silver,0.725609756097561,0.8709591984556341,Grey,0.47368421052631576,0.8068942307112624,HRLaCr,4,0.1
437,0.030982905982905984,Grey,0.5476190476190477,0.8709454698891528,White,0.5952380952380952,0.8246784870414122,SRBLY,4,0.1
435,0.030982905982905984,Grey,0.5581395348837209,0.8709274330239425,White,0.5952380952380952,0.825627528864277,SRBLa,4,0.1
225,0.027777777777777776,Grey,0.6818181818181818,0.8708636576510188,Grey,0.39473684210526316,0.8012524887730195,HRBLa,4,0.1
288,0.026709401709401708,Silver,0.7425149700598802,0.8708234630932983,Grey,0.47368421052631576,0.8031432223369216,HGaYCr,4,0.1
17,0.028846153846153848,Grey,0.6153846153846154,0.8705799489272233,Grey,0.42105263157894735,0.807749503759158,HSVBb,4,0.1
205,0.026709401709401708,Grey,0.6818181818181818,0.8704804851895029,Grey,0.39473684210526316,0.8017269106906837,HRGBa,4,0.1
425,0.029914529914529916,Grey,0.55,0.8704586522387905,White,0.5714285714285714,0.8178784316533214,SRGab,4,0.1
22,0.029914529914529916,Grey,0.5769230769230769,0.8703886562136938,Grey,0.39473684210526316,0.8089703915198989,HSVLb,4,0.1
86,0.028846153846153848,Grey,0.5925925925925926,0.8702140852495577,Grey,0.42105263157894735,0.8041892892395144,HSBLb,4,0.1
384,0.028846153846153848,Grey,0.5609756097560976,0.870211708665528,White,0.5476190476190477,0.8137845986154356,SVBab,4,0.1
460,0.029914529914529916,Grey,0.55,0.8701473977218908,Grey,0.5789473684210527,0.8247035404946169,SRabY,4,0.1
104,0.027777777777777776,Grey,0.5769230769230769,0.8700566021995425,Grey,0.39473684210526316,0.8096683474807046,HSLbY,4,0.1
90,0.028846153846153848,Grey,0.5925925925925926,0.8698900177012805,Grey,0.42105263157894735,0.8017846885604734,HSBab,4,0.1
613,0.026709401709401708,Gold,0.7282608695652174,0.8698758016651943,Grey,0.5789473684210527,0.8119954205812774,VGLaCr,4,0.1
207,0.026709401709401708,Grey,0.6,0.8697567759477839,Grey,0.39473684210526316,0.8038403179707166,HRGBY,4,0.1
128,0.026709401709401708,Grey,0.6666666666666666,0.869293946454477,Grey,0.3684210526315789,0.798288941765493,HVRBa,4,0.1
472,0.027777777777777776,Grey,0.55,0.8692686969032357,Grey,0.5789473684210527,0.8179353191226215,SGBLY,4,0.1
49,0.028846153846153848,Grey,0.5769230769230769,0.8692038815481548,Grey,0.39473684210526316,0.8103665934624845,HSRLa,4,0.1
343,0.028846153846153848,Grey,0.5609756097560976,0.8691467460740762,White,0.5714285714285714,0.8145734261532895,SVRLa,4,0.1
21,0.028846153846153848,Grey,0.5925925925925926,0.8691234082144182,Grey,0.42105263157894735,0.8068448669017397,HSVLa,4,0.1
75,0.027777777777777776,Grey,0.5555555555555556,0.8690623289240885,Grey,0.39473684210526316,0.8069396404708828,HSGab,4,0.1
421,0.030982905982905984,Grey,0.5609756097560976,0.8689303497414437,Grey,0.6052631578947368,0.8265754035155232,SRGLb,4,0.1
337,0.030982905982905984,Grey,0.5476190476190477,0.8686512094295031,Grey,0.6052631578947368,0.8212339255600362,SVRBL,4,0.1
110,0.027777777777777776,Grey,0.5555555555555556,0.8686120768467471,Grey,0.39473684210526316,0.8068060149854498,HSabY,4,0.1
54,0.029914529914529916,Grey,0.6,0.8685469278026221,Grey,0.39473684210526316,0.8084784928898752,HSRab,4,0.1
339,0.027777777777777776,Grey,0.5476190476190477,0.8684695192848317,White,0.5714285714285714,0.8134561527767544,SVRBb,4,0.1
763,0.028846153846153848,Silver,0.7261904761904762,0.8682768138790098,Grey,0.4473684210526316,0.8081967077638015,GLbYCb,4,0.1
451,0.029914529914529916,Grey,0.5641025641025641,0.8679547800498868,Grey,0.5789473684210527,0.8206839275622655,SRLaY,4,0.1
123,0.027777777777777776,Grey,0.65,0.8678407883558277,Grey,0.34210526315789475,0.8013584977819966,HVRGb,4,0.1
122,0.027777777777777776,Gold,0.6831683168316832,0.8676218841753832,Grey,0.39473684210526316,0.7973023402540821,HVRGa,4,0.1
230,0.027777777777777776,Grey,0.65,0.8674926711326231,Grey,0.34210526315789475,0.79982971485449,HRBab,4,0.1
349,0.029914529914529916,Grey,0.5714285714285714,0.8674272306163275,White,0.5714285714285714,0.8197541394965064,SVRaY,4,0.1
436,0.027777777777777776,Grey,0.5348837209302325,0.8673846959999169,Grey,0.6052631578947368,0.815634563167013,SRBLb,4,0.1
617,0.027777777777777776,Grey,0.7083333333333334,0.8673408191674731,Grey,0.4473684210526316,0.806823702622449,VGLbCb,4,0.1
454,0.030982905982905984,Grey,0.5476190476190477,0.8670759003680713,White,0.5952380952380952,0.822497080133952,SRLbY,4,0.1
402,0.029914529914529916,Grey,0.6451612903225806,0.8669875250096808,Grey,0.5263157894736842,0.8114043136438593,SVLYCb,4,0.1
231,0.026709401709401708,Grey,0.6818181818181818,0.8668287467239384,Grey,0.39473684210526316,0.7980906150772488,HRBaY,4,0.1
392,0.028846153846153848,Grey,0.6774193548387096,0.8667998785904055,Green,0.5483870967741935,0.7921408225594977,SVBYCb,4,0.1
134,0.027777777777777776,Grey,0.65,0.866766074295927,Grey,0.34210526315789475,0.7969742392946192,HVRLb,4,0.1
422,0.028846153846153848,Grey,0.575,0.8666529424647078,Grey,0.6052631578947368,0.8208567048839529,SRGLY,4,0.1
753,0.027777777777777776,Grey,0.6538461538461539,0.8664413269484489,Grey,0.4473684210526316,0.8079491503610157,GBbYCb,4,0.1
334,0.03311965811965812,Grey,0.5853658536585366,0.8663859689699005,White,0.5952380952380952,0.8233996734422363,SVRGY,4,0.1
175,0.026709401709401708,Grey,0.6363636363636364,0.8660304845437425,Grey,0.3684210526315789,0.7988042919554226,HVBaY,4,0.1
171,0.027777777777777776,Gold,0.7098445595854922,0.8658473747955805,Grey,0.34210526315789475,0.7894461953690252,HVBLY,4,0.1
515,0.028846153846153848,Grey,0.5116279069767442,0.8658383304693286,White,0.5714285714285714,0.8130329518189736,SBabY,4,0.1
216,0.027777777777777776,Gold,0.685,0.8658259718687759,Grey,0.39473684210526316,0.7899905446621643,HRGaY,4,0.1
204,0.026709401709401708,Grey,0.6521739130434783,0.865678523847991,Grey,0.39473684210526316,0.7954339493906294,HRGBL,4,0.1
348,0.028846153846153848,Grey,0.5609756097560976,0.8655177846339457,Grey,0.6052631578947368,0.815165484310839,SVRab,4,0.1
332,0.029914529914529916,Grey,0.5609756097560976,0.8654707184486118,White,0.5714285714285714,0.8173338815764832,SVRGa,4,0.1
578,0.026709401709401708,Gold,0.7021276595744681,0.8651654892751146,Grey,0.5789473684210527,0.8047722752866382,VRLaCr,4,0.1
683,0.026709401709401708,Silver,0.7289156626506024,0.8651237288464994,Grey,0.5789473684210527,0.8051708098775238,RGLaCr,4,0.1
549,0.027777777777777776,Gold,0.7039106145251397,0.8646356378393313,White,0.5952380952380952,0.8027396746325686,VRGLCr,4,0.1
215,0.026709401709401708,Grey,0.6818181818181818,0.8644738776464782,Grey,0.39473684210526316,0.7984883841013827,HRGab,4,0.1
358,0.030982905982905984,Grey,0.5227272727272727,0.8644479992545582,Grey,0.6052631578947368,0.8270388283811246,SVGBL,4,0.1
244,0.027777777777777776,Grey,0.6666666666666666,0.8643564581293357,Grey,0.3684210526315789,0.7958643645118768,HRLbY,4,0.1
369,0.029914529914529916,Grey,0.55,0.8643464145356793,White,0.5714285714285714,0.8138850886540061,SVGab,4,0.1
331,0.028846153846153848,Grey,0.5476190476190477,0.8642697305501148,White,0.5714285714285714,0.8141205756155968,SVRGL,4,0.1
142,0.026709401709401708,Grey,0.65,0.8640726332897046,Grey,0.34210526315789475,0.7934802802737185,HVRbY,4,0.1
450,0.028846153846153848,Grey,0.55,0.863668009375516,Grey,0.5789473684210527,0.8145452176541489,SRLab,4,0.1
479,0.027777777777777776,Grey,0.525,0.8633226541293895,Grey,0.5526315789473685,0.8162109803118879,SGBbY,4,0.1
457,0.030982905982905984,Grey,0.6666666666666666,0.8631890740726207,Grey,0.5789473684210527,0.8179951086591852,SRLYCr,4,0.1
206,0.026709401709401708,Grey,0.6666666666666666,0.8629736216693947,Grey,0.3684210526315789,0.7932259803133979,HRGBb,4,0.1
485,0.027777777777777776,Grey,0.5,0.8628856413572706,White,0.5714285714285714,0.8050067668072788,SGLab,4,0.1
169,0.027777777777777776,Grey,0.6190476190476191,0.8624331924584916,Grey,0.34210526315789475,0.7866621634558104,HVBLa,4,0.1
495,0.028846153846153848,Grey,0.5121951219512195,0.8623352572856461,White,0.5476190476190477,0.8081170341132953,SGabY,4,0.1
138,0.026709401709401708,Grey,0.6190476190476191,0.8622663925137215,Grey,0.34210526315789475,0.7924639800751037,HVRab,4,0.1
525,0.028846153846153848,Grey,0.5,0.8621662216661026,White,0.5476190476190477,0.8070615914665252,SLabY,4,0.1
505,0.028846153846153848,Grey,0.5277777777777778,0.8621465279753852,Grey,0.5,0.7999032441852064,SBLab,4,0.1
262,0.027777777777777776,Grey,0.6086956521739131,0.8615885938871646,Grey,0.3684210526315789,0.7844964962794072,HGBLY,4,0.1
226,0.027777777777777776,Grey,0.6190476190476191,0.8615781564452221,Grey,0.34210526315789475,0.7968936981253698,HRBLb,4,0.1
250,0.026709401709401708,Grey,0.625,0.8614728202933877,Grey,0.39473684210526316,0.7977584997230001,HRabY,4,0.1
404,0.027777777777777776,Grey,0.5348837209302325,0.8614442069748776,White,0.5714285714285714,0.8101738841691001,SVabY,4,0.1
129,0.027777777777777776,Grey,0.6190476190476191,0.8613871295777886,Grey,0.34210526315789475,0.7957452590792684,HVRBb,4,0.1
318,0.027777777777777776,Gold,0.7348066298342542,0.8611269502227152,White,0.42857142857142855,0.7940714175582297,HLaYCr,4,0.1
241,0.027777777777777776,Gold,0.6715686274509803,0.860984075079412,Grey,0.39473684210526316,0.7887656542215921,HRLaY,4,0.1
135,0.026709401709401708,Gold,0.6415094339622641,0.8604668412527301,Grey,0.39473684210526316,0.7738910112350533,HVRLY,4,0.1
234,0.027777777777777776,Grey,0.6190476190476191,0.860457628491016,Grey,0.34210526315789475,0.794063266785482,HRBbY,4,0.1
475,0.027777777777777776,Grey,0.5,0.8604034518551568,Grey,0.47368421052631576,0.8012912448841427,SGBab,4,0.1
345,0.029914529914529916,Grey,0.5365853658536586,0.8602394949603285,White,0.5714285714285714,0.8108583828075028,SVRLY,4,0.1
411,0.029914529914529916,Grey,0.6451612903225806,0.8599704045003496,Grey,0.5263157894736842,0.7870675510996167,SVbYCb,4,0.1
188,0.026709401709401708,Grey,0.6666666666666666,0.8598414824916625,Grey,0.10526315789473684,0.7719463134916341,HVLbY,4,0.1
344,0.028846153846153848,Grey,0.5476190476190477,0.859729592732461,White,0.5952380952380952,0.8102590984019208,SVRLb,4,0.1
219,0.026709401709401708,Grey,0.6818181818181818,0.8597075689444758,Grey,0.39473684210526316,0.7945021561954364,HRGbY,4,0.1
277,0.027777777777777776,Gold,0.7307692307692307,0.859504768594201,White,0.42857142857142855,0.7966119713174342,HGLaCr,4,0.1
124,0.028846153846153848,Grey,0.625,0.8595011426871884,Grey,0.39473684210526316,0.797719796574929,HVRGY,4,0.1
211,0.027777777777777776,Grey,0.6666666666666666,0.8594730442039323,Grey,0.3684210526315789,0.7942126797957911,HRGLb,4,0.1
400,0.027777777777777776,Grey,0.625,0.8585055321203533,Grey,0.5263157894736842,0.8031648658259652,SVLbCb,4,0.1
210,0.027777777777777776,Gold,0.6682926829268293,0.8581998856455685,Grey,0.39473684210526316,0.7873107655156174,HRGLa,4,0.1
296,0.027777777777777776,Grey,0.631578947368421,0.858189231890597,Grey,0.3157894736842105,0.7816251975767319,HBLaY,4,0.1
491,0.027777777777777776,Grey,0.6206896551724138,0.8579948133364282,Grey,0.47368421052631576,0.7995277732959334,SGLbCb,4,0.1
373,0.03205128205128205,Grey,0.525,0.8572036843918364,Grey,0.5526315789473685,0.8155678043490273,SVGbY,4,0.1
360,0.029914529914529916,Grey,0.5384615384615384,0.8568067224436888,Grey,0.5526315789473685,0.8172975839763877,SVGBb,4,0.1
394,0.028846153846153848,Grey,0.4878048780487805,0.8565281717300295,Grey,0.5263157894736842,0.796964969868176,SVLab,4,0.1
742,0.027777777777777776,Grey,0.52,0.8562519809510669,Grey,0.34210526315789475,0.7960369949269576,GBLbCb,4,0.1
759,0.027777777777777776,Gold,0.7348066298342542,0.856219359540026,White,0.47619047619047616,0.7986021470588611,GLaYCr,4,0.1
489,0.027777777777777776,Grey,0.46511627906976744,0.855711623590836,Grey,0.5263157894736842,0.8093570936271732,SGLbY,4,0.1
240,0.026709401709401708,Grey,0.5714285714285714,0.8556552568946597,Grey,0.3157894736842105,0.7879095717365543,HRLab,4,0.1
133,0.027777777777777776,Grey,0.6190476190476191,0.8555205421168084,Grey,0.34210526315789475,0.7860709385833764,HVRLa,4,0.1
100,0.029914529914529916,Grey,0.6,0.854290982436728,White,0.38095238095238093,0.779084051657262,HSLab,4,0.1
174,0.027777777777777776,Grey,0.4782608695652174,0.8536380236515305,Grey,0.2894736842105263,0.7852911642649333,HVBab,4,0.1
149,0.026709401709401708,Grey,0.5555555555555556,0.8535931802748846,Grey,0.2631578947368421,0.7933175712644249,HVGBa,4,0.1
178,0.027777777777777776,Grey,0.6153846153846154,0.8534204214042529,Grey,0.21052631578947367,0.7808996609126626,HVBbY,4,0.1
194,0.026709401709401708,Grey,0.5217391304347826,0.8529015644919086,Grey,0.3157894736842105,0.7860432525315831,HVabY,4,0.1
212,0.028846153846153848,Gold,0.6731707317073171,0.8523441981740026,Grey,0.39473684210526316,0.7828804241679023,HRGLY,4,0.1
639,0.026709401709401708,Grey,0.68,0.8523196080713736,Grey,0.4473684210526316,0.7907233371573467,VBLYCb,4,0.1
395,0.028846153846153848,Grey,0.5581395348837209,0.852103897273429,White,0.5952380952380952,0.8051193967373161,SVLaY,4,0.1
532,0.027777777777777776,Grey,0.625,0.8515907625717625,Grey,0.5263157894736842,0.7854154882242631,SLbYCb,4,0.1
156,0.028846153846153848,Gold,0.634703196347032,0.8505935815287351,Grey,0.3157894736842105,0.7733858703888319,HVGLY,4,0.1
279,0.027777777777777776,Grey,0.5789473684210527,0.8504677162456737,Grey,0.2894736842105263,0.7696290542965075,HGLbY,4,0.1
184,0.026709401709401708,Grey,0.5238095238095238,0.8501542028345709,Grey,0.2894736842105263,0.7813878004060884,HVLab,4,0.1
365,0.029914529914529916,Grey,0.4878048780487805,0.8499730294423404,Grey,0.5263157894736842,0.8074374871134371,SVGLb,4,0.1
163,0.026709401709401708,Grey,0.5555555555555556,0.8499672426788799,Grey,0.2631578947368421,0.7829806633842759,HVGbY,4,0.1
390,0.027777777777777776,Grey,0.6451612903225806,0.8492747404897784,Grey,0.5263157894736842,0.8040490516461319,SVBbCb,4,0.1
315,0.027777777777777776,Grey,0.5714285714285714,0.8485122098290634,Grey,0.3157894736842105,0.7881870506432054,HLabY,4,0.1
513,0.028846153846153848,Grey,0.6666666666666666,0.847942622107309,Grey,0.5263157894736842,0.7860406949713725,SBLYCb,4,0.1
185,0.027777777777777776,Gold,0.6106194690265486,0.8476691685470112,Grey,0.3684210526315789,0.7726821985841238,HVLaY,4,0.1
115,0.03205128205128205,Grey,0.625,0.8467158474062952,White,0.35714285714285715,0.7898287505693534,HSaCrCb,4,0.1
112,0.030982905982905984,Silver,0.6395939086294417,0.8461652603120845,White,0.2857142857142857,0.7712937901489134,HSabCb,4,0.1
269,0.027777777777777776,Grey,0.5238095238095238,0.8458226811683311,Grey,0.2894736842105263,0.770534504474785,HGBbY,4,0.1
543,0.026709401709401708,Black,0.651685393258427,0.8457551892506241,Grey,0.3157894736842105,0.7663786862953258,VRGBY,4,0.1
148,0.026709401709401708,Grey,0.47368421052631576,0.8453599624505864,Grey,0.23684210526315788,0.7797004423768653,HVGBL,4,0.1
266,0.027777777777777776,Grey,0.5714285714285714,0.844789073277068,Grey,0.3157894736842105,0.7779806623555022,HGBaY,4,0.1
370,0.029914529914529916,Grey,0.5476190476190477,0.8441028802305672,White,0.5952380952380952,0.8023975729370582,SVGaY,4,0.1
305,0.027777777777777776,Grey,0.5217391304347826,0.8437844417341136,Grey,0.3157894736842105,0.7729254174685279,HBabY,4,0.1
471,0.027777777777777776,Grey,0.5151515151515151,0.843340149962652,Grey,0.4473684210526316,0.7793448490591776,SGBLb,4,0.1
154,0.027777777777777776,Grey,0.5909090909090909,0.8432667040306284,Grey,0.34210526315789475,0.7693931889374217,HVGLa,4,0.1
159,0.026709401709401708,Grey,0.47619047619047616,0.842686153585152,Grey,0.2631578947368421,0.7778963123144192,HVGab,4,0.1
160,0.027777777777777776,Grey,0.6086956521739131,0.842445777011638,Grey,0.3684210526315789,0.7749423497804452,HVGaY,4,0.1
150,0.026709401709401708,Grey,0.47368421052631576,0.8421424500372232,Grey,0.23684210526315788,0.7789159180007685,HVGBb,4,0.1
170,0.027777777777777776,Grey,0.5454545454545454,0.8420557746686554,Grey,0.15789473684210525,0.7672911774851567,HVBLb,4,0.1
366,0.029914529914529916,Grey,0.5476190476190477,0.8419076379181528,White,0.5714285714285714,0.8029369145779855,SVGLY,4,0.1
398,0.028846153846153848,Grey,0.5277777777777778,0.840979090859387,Grey,0.5,0.7794323038985916,SVLbY,4,0.1
522,0.027777777777777776,Grey,0.6551724137931034,0.8409414606750611,Grey,0.5,0.7733293969619813,SBbYCb,4,0.1
275,0.027777777777777776,Grey,0.5714285714285714,0.8408113526332313,Grey,0.3157894736842105,0.7696487055058039,HGLab,4,0.1
648,0.027777777777777776,Grey,0.6363636363636364,0.8401932893250319,Grey,0.3684210526315789,0.7651115478725696,VBbYCb,4,0.1
364,0.030982905982905984,Grey,0.5476190476190477,0.8398479240540234,Grey,0.6052631578947368,0.8011001693900994,SVGLa,4,0.1
265,0.027777777777777776,Grey,0.4782608695652174,0.8395354368726271,Grey,0.2894736842105263,0.7729200339656056,HGBab,4,0.1
155,0.027777777777777776,Grey,0.4444444444444444,0.8392263645420466,Grey,0.21052631578947367,0.772979529124403,HVGLb,4,0.1
658,0.027777777777777776,Grey,0.6666666666666666,0.839142499353078,Grey,0.42105263157894735,0.7718954705270309,VLbYCb,4,0.1
285,0.027777777777777776,Grey,0.5454545454545454,0.8391113629217197,Grey,0.3157894736842105,0.7747103349112668,HGabY,4,0.1
381,0.029914529914529916,Grey,0.525,0.8386380157829423,Grey,0.5526315789473685,0.797425694833956,SVBLY,4,0.1
118,0.030982905982905984,Grey,0.5769230769230769,0.8385803911238997,White,0.3333333333333333,0.7789840502905612,HSbCrCb,4,0.1
540,0.02564102564102564,Black,0.6666666666666666,0.8385093906059827,Grey,0.34210526315789475,0.7625511002814375,VRGBL,4,0.1
567,0.026709401709401708,Black,0.651685393258427,0.8369202632690201,Grey,0.34210526315789475,0.7608523415817403,VRBaY,4,0.1
380,0.027777777777777776,Grey,0.5405405405405406,0.8360366626320178,Grey,0.5263157894736842,0.787261755734657,SVBLb,4,0.1
121,0.03205128205128205,Gold,0.6367924528301887,0.8353269544352515,Grey,0.39473684210526316,0.7737991269748249,HVRGL,4,0.1
111,0.03205128205128205,Grey,0.5769230769230769,0.8353039008712498,White,0.2619047619047619,0.7708408344179548,HSabCr,4,0.1
561,0.026709401709401708,Brown,0.6564885496183206,0.8348519339685772,Grey,0.2894736842105263,0.7553903889912127,VRBLa,4,0.1
388,0.027777777777777776,Grey,0.525,0.832806340889946,White,0.5476190476190477,0.7788281835668414,SVBbY,4,0.1
511,0.027777777777777776,Grey,0.6206896551724138,0.8326729394874105,Green,0.45161290322580644,0.7523583996931722,SBLbCb,4,0.1
563,0.026709401709401708,Grey,0.6428571428571429,0.8318092663187376,Grey,0.23684210526315788,0.758121817737538,VRBLY,4,0.1
260,0.027777777777777776,Grey,0.5454545454545454,0.8284587684385808,Grey,0.3157894736842105,0.7735973694549413,HGBLa,4,0.1
509,0.024572649572649572,Grey,0.525,0.8275199711101096,Grey,0.5526315789473685,0.7546029375539748,SBLbY,4,0.1
541,0.02564102564102564,Brown,0.648854961832061,0.827505986118338,Grey,0.2631578947368421,0.7523756209339669,VRGBa,4,0.1
542,0.026709401709401708,Grey,0.5454545454545454,0.8260886596776772,Grey,0.15789473684210525,0.7487817235429896,VRGBb,4,0.1
295,0.027777777777777776,Orange,0.51,0.8260452813200694,Grey,0.3157894736842105,0.7579860402287254,HBLab,4,0.1
261,0.027777777777777776,Grey,0.47368421052631576,0.8248801220931334,Grey,0.23684210526315788,0.7615278623704251,HGBLb,4,0.1
555,0.026709401709401708,Black,0.5773195876288659,0.8162870854156348,Grey,0.23684210526315788,0.7442872194288127,VRGbY,4,0.1
486,0.028846153846153848,Grey,0.5238095238095238,0.8135605341152241,Grey,0.5789473684210527,0.7744340663340582,SGLaY,4,0.1
570,0.026709401709401708,Grey,0.46153846153846156,0.813410075241515,Grey,0.15789473684210525,0.7382961679001809,VRBbY,4,0.1
566,0.026709401709401708,Grey,0.46153846153846156,0.8096575574241602,Grey,0.15789473684210525,0.7454605643891086,VRBab,4,0.1
547,0.026709401709401708,Grey,0.5625,0.8094018219296869,Grey,0.23684210526315788,0.7408882302483458,VRGLb,4,0.1
705,0.027777777777777776,Grey,0.4166666666666667,0.8090772985807452,Grey,0.13157894736842105,0.7415349048842569,RBLbY,4,0.1
702,0.026709401709401708,Grey,0.5,0.809061840987479,Grey,0.13157894736842105,0.7336551591068735,RBLaY,4,0.1
637,0.027777777777777776,Grey,0.5714285714285714,0.808678518260576,Grey,0.3157894736842105,0.7504763675146301,VBLbCb,4,0.1
537,0.028846153846153848,Grey,0.4117647058823529,0.8066587973856252,White,0.2857142857142857,0.766309048276914,SabCrCb,4,0.1
583,0.026709401709401708,Gold,0.6181818181818182,0.8062356148859329,White,0.5238095238095238,0.7478811487558776,VRLYCr,4,0.1
580,0.026709401709401708,Grey,0.46153846153846156,0.8052673852464884,Grey,0.15789473684210525,0.7345670153364975,VRLbY,4,0.1
586,0.026709401709401708,Grey,0.5,0.8025794643901867,Grey,0.18421052631578946,0.731740373921866,VRabY,4,0.1
666,0.026709401709401708,Grey,0.4444444444444444,0.8016560487034317,Grey,0.10526315789473684,0.7312080175114684,RGBLa,4,0.1
548,0.027777777777777776,Black,0.5588235294117647,0.8009928019763648,Grey,0.2631578947368421,0.7263792853185487,VRGLY,4,0.1
598,0.02564102564102564,Grey,0.4444444444444444,0.8006165602106342,Grey,0.10526315789473684,0.7354005808460242,VGBLY,4,0.1
667,0.026709401709401708,Grey,0.36363636363636365,0.8004149069626056,Grey,0.10526315789473684,0.7401532022366025,RGBLb,4,0.1
562,0.027777777777777776,Grey,0.4,0.7992429103637645,Grey,0.10526315789473684,0.73077147211252,VRBLb,4,0.1
276,0.027777777777777776,Gold,0.5368852459016393,0.798957372280645,Grey,0.18421052631578946,0.7216556370923457,HGLaY,4,0.1
551,0.026709401709401708,Grey,0.4166666666666667,0.797754127239696,Grey,0.13157894736842105,0.7332132172245637,VRGab,4,0.1
668,0.02564102564102564,Grey,0.4444444444444444,0.7974877975244302,Grey,0.10526315789473684,0.7250726452925618,RGBLY,4,0.1
701,0.026709401709401708,Grey,0.4166666666666667,0.7972235416134998,Grey,0.13157894736842105,0.7372668092452878,RBLab,4,0.1
576,0.026709401709401708,Grey,0.4166666666666667,0.7962554542000821,Grey,0.13157894736842105,0.7320579721454621,VRLab,4,0.1
711,0.026709401709401708,Grey,0.4166666666666667,0.7952692284978343,Grey,0.13157894736842105,0.7322985770107006,RBabY,4,0.1
299,0.027777777777777776,Grey,0.0,0.7948938179334846,Grey,0.0,0.747373822054826,HBLbY,4,0.1
602,0.02564102564102564,Grey,0.3,0.7931478846405727,Grey,0.07894736842105263,0.7329942243719919,VGBaY,4,0.1
675,0.026709401709401708,Grey,0.3,0.7914395061138776,Grey,0.07894736842105263,0.7288353945485588,RGBbY,4,0.1
552,0.026709401709401708,Black,0.5490196078431373,0.7906701679339267,Grey,0.21052631578947367,0.7171974749328336,VRGaY,4,0.1
672,0.02564102564102564,Grey,0.375,0.7898315141888254,Grey,0.07894736842105263,0.7232925091628469,RGBaY,4,0.1
671,0.026709401709401708,Grey,0.3,0.7890092966833122,Grey,0.07894736842105263,0.7312012785983454,RGBab,4,0.1
632,0.026709401709401708,Grey,0.3,0.7881445607431519,Grey,0.07894736842105263,0.7300906066159032,VBLaY,4,0.1
771,0.026709401709401708,Grey,0.3333333333333333,0.7824618746784052,Grey,0.07894736842105263,0.718543733528424,BLabY,4,0.1
641,0.026709401709401708,Grey,0.2222222222222222,0.7821558625194688,Grey,0.05263157894736842,0.7370035267206251,VBabY,4,0.1
327,0.029914529914529916,White,0.5,0.7809647628871007,White,0.023809523809523808,0.7174948682300433,HabCrCb,4,0.1
605,0.026709401709401708,Grey,0.2222222222222222,0.7806379871062407,Grey,0.05263157894736842,0.7330337037186584,VGBbY,4,0.1
577,0.026709401709401708,Black,0.5544554455445545,0.7804488167381121,Grey,0.2631578947368421,0.7154712905482097,VRLaY,4,0.1
596,0.026709401709401708,Grey,0.2,0.778647342785572,Grey,0.05263157894736842,0.7306612975696135,VGBLa,4,0.1
546,0.026709401709401708,Black,0.5656565656565656,0.7774110675824176,Grey,0.18421052631578946,0.7148030939225827,VRGLa,4,0.1
635,0.027777777777777776,Grey,0.4,0.7704720101429678,Grey,0.05263157894736842,0.7009630104400559,VBLbY,4,0.1
621,0.026709401709401708,Grey,0.2222222222222222,0.7698793881932466,Grey,0.05263157894736842,0.7201737590524685,VGabY,4,0.1
615,0.026709401709401708,Grey,0.2,0.7668126960235698,Grey,0.05263157894736842,0.7199401127663533,VGLbY,4,0.1
721,0.026709401709401708,Grey,0.4,0.7662342841855494,Grey,0.10526315789473684,0.6932242414947105,RLabY,4,0.1
685,0.026709401709401708,Grey,0.3,0.7661540235788713,Grey,0.07894736842105263,0.7024262205217828,RGLbY,4,0.1
601,0.026709401709401708,Grey,0.1111111111111111,0.7656828953722504,Grey,0.02631578947368421,0.7259681983707769,VGBab,4,0.1
631,0.027777777777777776,Grey,0.14285714285714285,0.7653692870729464,Grey,0.02631578947368421,0.733732574028971,VBLab,4,0.1
691,0.026709401709401708,Grey,0.4166666666666667,0.7648267831896958,Grey,0.13157894736842105,0.6952452317935076,RGabY,4,0.1
681,0.026709401709401708,Grey,0.3,0.7636099923321257,Grey,0.07894736842105263,0.6950468424543907,RGLab,4,0.1
737,0.026709401709401708,Grey,0.25,0.7635984113404958,Grey,0.05263157894736842,0.6944630360364591,GBLaY,4,0.1
611,0.026709401709401708,Grey,0.2222222222222222,0.7607436682575707,Grey,0.05263157894736842,0.7153872939403799,VGLab,4,0.1
651,0.026709401709401708,Grey,0.125,0.7594184248842113,Grey,0.02631578947368421,0.7174902493522622,VLabY,4,0.1
597,0.026709401709401708,Grey,0.1111111111111111,0.7574442896935081,Grey,0.02631578947368421,0.7194266692167512,VGBLb,4,0.1
778,0.023504273504273504,Grey,0.5714285714285714,0.7530321396329652,Grey,0.21052631578947367,0.659188062286472,BLbYCb,4,0.1
740,0.027777777777777776,Grey,0.16666666666666666,0.7509655361582899,Grey,0.02631578947368421,0.6950549317108924,GBLbY,4,0.1
746,0.026709401709401708,Grey,0.0,0.743306145747899,Grey,0.0,0.6975739728973507,GBabY,4,0.1
736,0.026709401709401708,Grey,0.0,0.7403432972411933,Grey,0.0,0.6944820827086864,GBLab,4,0.1
682,0.026709401709401708,Grey,0.42857142857142855,0.73114671772981,Grey,0.07894736842105263,0.6600255510506294,RGLaY,4,0.1
756,0.026709401709401708,Grey,0.0,0.7090245103742416,Grey,0.0,0.6649285192792532,GLabY,4,0.1
612,0.02564102564102564,Grey,0.0,0.6790117880732425,Grey,0.0,0.6534396381199296,VGLaY,4,0.1
